Name,Album,Artist,Popular_date,Length,Danceability,Acousticness,Energy,Instrumentalness,Liveness,Loudness,Speechiness,Tempo,Time_signature,k_cluster
"American Woman - 7"" Single Version",Platinum & Gold Collection,The Guess Who,1970,231640,0.5379999999999999,0.0424,0.841,0.0017800000000000001,0.312,-7.547000000000001,0.0375,93.07700000000001,4,1
War - Single Version,Superstar Series Vol. 3,Edwin Starr,1970,200960,0.591,0.0677,0.7809999999999999,0.0,0.294,-9.68,0.192,109.48100000000001,4,1
Get Ready - Single Version,Greatest Hits And Rare Classics,Rare Earth,1970,166466,0.617,0.0244,0.83,0.0121,0.259,-10.197000000000001,0.028999999999999998,136.786,4,1
Band Of Gold - Re-Record,Band Of Gold (Remix),Freda Payne,1970,182533,0.631,0.451,0.746,0.0,0.424,-5.439,0.0277,108.875,4,1
Mama Told Me (Not To Come),The Best Of 3 Dog Night,Three Dog Night,1970,196933,0.6779999999999999,0.135,0.621,0.000468,0.207,-13.454,0.0537,120.7,4,1
Hitchin' a Ride,Rewind the 70s - Volume 2,Various Artists,1970,176160,0.73,0.17300000000000001,0.643,0.0,0.177,-11.186,0.0286,130.748,4,1
ABC,ABC,The Jackson 5,1970,177733,0.715,0.486,0.6779999999999999,0.000192,0.15,-11.842,0.0475,94.76899999999999,4,1
The Love You Save,ABC,The Jackson 5,1970,181426,0.755,0.41100000000000003,0.713,0.0,0.11800000000000001,-10.953,0.0513,113.656,4,1
Candida,Candida,Tony Orlando & Dawn,1970,182973,0.7829999999999999,0.235,0.596,0.0,0.0427,-10.056000000000001,0.0676,127.57600000000001,4,1
Thank You (Falettinme Be Mice Elf Agin) - Single Version,Greatest Hits,Sly & The Family Stone,1970,291320,0.9,0.29600000000000004,0.7090000000000001,0.00047000000000000004,0.0863,-12.683,0.0636,105.822,4,1
Spill The Wine,The Best Of Eric Burdon & War,Eric Burdon,1970,244306,0.845,0.47,0.447,0.0,0.0782,-11.897,0.049,119.45700000000001,4,1
Knock Three Times,The Definitive Collection,Tony Orlando & Dawn,1971,180360,0.777,0.154,0.581,0.0,0.11,-10.129,0.0517,123.1,4,1
Tired of Being Alone,Gets Next to You,Al Green,1971,172320,0.772,0.33899999999999997,0.397,0.00541,0.0753,-8.585,0.0391,97.964,4,1
Treat Her Like A Lady,The Story Of Cornelius Brothers & Sister Rose,Cornelius Brothers & Sister Rose,1971,160360,0.775,0.191,0.47600000000000003,0.0,0.132,-8.539,0.0355,131.4,4,1
Mr. Big Stuff,Mr. Big Stuff,Jean Knight,1971,164560,0.8859999999999999,0.29,0.491,2.46e-06,0.22899999999999998,-12.589,0.171,93.236,4,1
Brown Sugar - 2009 Mix,Sticky Fingers (Remastered),The Rolling Stones,1971,228666,0.633,0.21899999999999997,0.934,0.00021,0.0592,-3.594,0.0344,128.606,4,1
Do You Know What I Mean,5th (Remastered),Lee Michaels,1971,192022,0.7879999999999999,0.131,0.865,1.58e-05,0.0238,-9.729,0.0575,109.081,4,1
I GOTCHA,"The Very Best of, Volume 2.",Joe Tex,1972,148813,0.84,0.182,0.856,0.000297,0.306,-11.277000000000001,0.32799999999999996,93.41,4,1
Brandy (You're a Fine Girl),Looking Glass,Looking Glass,1972,186826,0.716,0.396,0.625,1.9699999999999998e-05,0.134,-11.369000000000002,0.0601,125.27600000000001,4,1
I'll Take You There,The Very Best Of The Staple Singers,The Staple Singers,1972,196826,0.846,0.0904,0.595,1.96e-06,0.063,-8.372,0.0439,101.632,4,1
"Bad, Bad Leroy Brown",Photographs & Memories: His Greatest Hits,Jim Croce,1973,180506,0.6629999999999999,0.45899999999999996,0.8440000000000001,0.0,0.0701,-6.211,0.0421,148.013,4,1
Crocodile Rock,Don't Shoot Me I'm Only The Piano Player,Elton John,1973,235440,0.621,0.0263,0.8,1.51e-05,0.0591,-7.284,0.0344,149.91,4,1
Will It Go Round In Circles,Ultimate Collection: Billy Preston,Billy Preston,1973,268893,0.677,0.284,0.871,3.02e-05,0.405,-7.997000000000001,0.0281,98.446,4,1
You're so Vain,No Secrets,Carly Simon,1973,258411,0.659,0.157,0.6779999999999999,6.69e-06,0.0784,-8.18,0.0313,106.186,4,1
Frankenstein,The Best Of Edgar Winter,Edgar Winter,1973,285600,0.625,0.0595,0.733,0.88,0.16399999999999998,-12.127,0.0927,95.211,4,1
Little Willy,Rare Studio Tracks,Sweet,1973,192293,0.662,0.332,0.772,1.22e-06,0.314,-7.135,0.0356,127.025,4,1
Come and Get Your Love - Single Version,Come and Get Your Love,Redbone,1974,205933,0.731,0.172,0.804,0.00028,0.0685,-7.621,0.0473,107.383,4,1
Dancing Machine,Dancing Machine,The Jackson 5,1974,161813,0.7759999999999999,0.133,0.794,2.35e-05,0.6890000000000001,-7.722,0.0723,109.277,4,1
The Loco-Motion - Remastered 2002,Shinin' On (Remastered 2002 / Expanded Edition),Grand Funk Railroad,1974,165800,0.456,0.375,0.9329999999999999,0.0,0.563,-5.212000000000001,0.153,125.051,4,1
TSOP (The Sound of Philadelphia) (feat. The Three Degrees),End of Phase I - A Collection of Greatest Hits,MFSB,1974,212106,0.723,0.0739,0.853,0.226,0.0979,-8.296,0.0295,114.26799999999999,4,1
Bennie And The Jets - Remastered 2014,Goodbye Yellow Brick Road (Remastered),Elton John,1974,322548,0.665,0.259,0.6729999999999999,7.62e-06,0.49700000000000005,-7.95,0.0493,132.642,4,1
Jungle Boogie,Wild And Peaceful,Kool & The Gang,1974,186533,0.8079999999999999,0.115,0.85,0.000109,0.316,-8.772,0.0868,106.855,4,1
Midnight at the Oasis,Rhino Hi-Five: Maria Muldaur,Maria Muldaur,1974,224986,0.6629999999999999,0.09300000000000001,0.512,6.78e-06,0.327,-9.557,0.0273,99.38799999999999,4,1
Hooked on a Feeling,Hooked On A Feeling,Blue Swede,1974,172866,0.547,0.261,0.82,0.0,0.3,-6.728,0.0805,118.208,4,1
Rhinestone Cowboy,Rhinestone Cowboy (Expanded Edition),Glen Campbell,1975,194453,0.644,0.102,0.633,6.82e-05,0.22699999999999998,-8.006,0.0261,115.193,4,1
Philadelphia Freedom,The Greatest Hits 1970-2002,Elton John,1975,322066,0.698,0.0255,0.7090000000000001,8.73e-05,0.0749,-5.513999999999999,0.031,125.493,4,1
Fame - 1999 Remaster,Best of Bowie,David Bowie,1975,251800,0.7829999999999999,0.28600000000000003,0.6940000000000001,0.0214,0.0597,-7.854,0.0681,95.755,4,1
One of These Nights - 2013 Remaster,One of These Nights (2013 Remaster),Eagles,1975,291685,0.655,0.0603,0.606,0.0789,0.0757,-10.385,0.0285,110.061,4,1
"Jive Talkin' - From ""Saturday Night Fever"" Soundtrack",Main Course,Bee Gees,1975,222266,0.8109999999999999,0.155,0.545,0.0853,0.156,-12.969000000000001,0.0579,105.911,4,1
Kung Fu Fighting,The Soul of the Kung Fu Fighter,Carl Douglas,1975,197693,0.598,0.0422,0.6729999999999999,6.840000000000001e-05,0.289,-10.431,0.0693,102.035,4,1
Ballroom Blitz,Desolation Boulevard,Sweet,1975,246573,0.644,0.0821,0.799,0.0015400000000000001,0.055,-10.856,0.0598,108.381,4,1
Pick Up the Pieces,AWB,Average White Band,1975,239908,0.768,0.0548,0.853,0.13,0.0188,-5.915,0.0427,107.234,4,1
Don't Go Breaking My Heart,To Be Continued...,Elton John,1976,271133,0.742,0.177,0.863,5.59e-06,0.0699,-7.8229999999999995,0.038,131.19299999999998,4,1
Disco Lady,Eargasm,Johnnie Taylor,1976,267066,0.7190000000000001,0.0568,0.79,0.0,0.0573,-8.002,0.0521,103.751,4,1
"December, 1963 (Oh What a Night!)",The Very Best of Frankie Valli & The 4 Seasons,Frankie Valli & The Four Seasons,1976,201093,0.727,0.057999999999999996,0.588,5.46e-06,0.0414,-9.568,0.0253,104.413,4,1
Play That Funky Music,Shaun White Snowboarding: Official Soundtrack,Various Artists,1976,301800,0.8220000000000001,0.124,0.87,0.0,0.045,-6.257000000000001,0.0592,109.17399999999999,4,1
Love Machine,City Of Angels,The Miracles,1976,415133,0.7390000000000001,0.165,0.9840000000000001,0.00028700000000000004,0.0294,-4.52,0.0829,144.877,4,1
50 Ways to Leave Your Lover,Still Crazy After All These Years,Paul Simon,1976,217346,0.815,0.166,0.37200000000000005,0.00011599999999999999,0.0767,-12.814,0.0752,101.684,4,1
Love Is Alive,The Dream Weaver,Gary Wright,1976,230106,0.77,0.0614,0.5529999999999999,0.00106,0.10300000000000001,-13.632,0.0268,98.346,4,1
Fly Robin Fly,Silver Convention - Fly Robin Fly,Silver Convention,1976,230920,0.826,0.00719,0.406,0.731,0.0725,-14.152999999999999,0.0317,100.27799999999999,4,1
"More, More, More","More, More, More",Andrea True Connection,1976,222613,0.6629999999999999,0.517,0.792,0.000139,0.111,-5.476,0.0311,103.009,4,1
Boogie Fever,Classic Masters,The Sylvers,1976,208000,0.925,0.19,0.875,0.00495,0.0287,-5.742999999999999,0.0371,132.8,4,1
I Just Want To Be Your Everything,Flowing Rivers,Andy Gibb,1977,225666,0.6509999999999999,0.16699999999999998,0.648,1.7e-05,0.192,-7.44,0.0346,97.01700000000001,4,1
Best of My Love,The Best Of The Emotions: Best Of My Love,The Emotions,1977,219933,0.764,0.45,0.57,0.36200000000000004,0.0812,-11.360999999999999,0.0348,115.376,4,1
(Your Love Has Lifted Me) Higher And Higher,Delta Lady / The Anthology,Rita Coolidge,1977,241733,0.628,0.055,0.677,0.0234,0.14400000000000002,-8.913,0.0352,117.59100000000001,4,1
I'm Your Boogie Man,"KC & the Sunshine Band, Pt. 3... and More",KC & The Sunshine Band,1977,242133,0.753,0.0144,0.753,4.429999999999999e-05,0.0711,-13.023,0.0436,113.068,4,1
Dancing Queen,Arrival,ABBA,1977,230693,0.539,0.382,0.884,0.0016600000000000002,0.76,-6.53,0.0403,100.81200000000001,4,1
You Make Me Feel Like Dancing - Remastered,Very Best Of Leo Sayer,Leo Sayer,1977,172586,0.746,0.106,0.677,5.08e-06,0.12300000000000001,-7.127999999999999,0.0369,95.601,4,1
Whatcha Gonna Do?,20th Century Masters: The Millennium Collection: Best of Pablo Cruise,Pablo Cruise,1977,256959,0.727,0.0681,0.652,0.000122,0.17,-9.746,0.038,110.63600000000001,4,1
Got To Give It Up (Part 1),Number 1's,Marvin Gaye,1977,252360,0.867,0.0687,0.915,0.00135,0.34700000000000003,-6.593,0.0487,122.678,4,1
Shadow Dancing,Shadow Dancing,Andy Gibb,1978,276000,0.74,0.15,0.598,0.0,0.0664,-9.658,0.0321,101.93299999999999,4,1
Night Fever,Number Ones,Bee Gees,1978,209400,0.696,0.013999999999999999,0.7829999999999999,0.000101,0.0794,-6.341,0.0291,109.18299999999999,4,1
Baby Come Back,The Best Of Player: Baby Come Back,Player,1978,253733,0.684,0.151,0.563,0.0006259999999999999,0.121,-9.244,0.115,155.145,4,1
Boogie Oogie Oogie - Single Version 2 / Remastered 1999,A Taste Of Honey,A Taste Of Honey,1978,338133,0.835,0.0991,0.522,0.0018399999999999998,0.111,-10.828,0.0916,123.934,4,1
Grease,Grease,Various Artists,1978,205733,0.821,0.249,0.365,0.0,0.0883,-12.118,0.0676,109.63799999999999,4,1
You're The One That I Want - From “Grease”,Gold,Olivia Newton-John,1978,167613,0.743,0.256,0.774,5.03e-05,0.155,-5.916,0.0941,106.564,4,1
Miss You - Remastered,Some Girls,The Rolling Stones,1978,288666,0.795,0.44299999999999995,0.71,0.0215,0.344,-4.746,0.0392,109.689,4,1
"If I Can't Have You - From ""Saturday Night Fever""",Best Of/20th Century,Yvonne Elliman,1978,177013,0.5489999999999999,0.133,0.8420000000000001,0.0,0.451,-6.457999999999999,0.0551,109.397,4,1
"Dance, Dance, Dance (Yowsah, Yowsah, Yowsah) - Edit",Les Plus Grands Success De Chic - Chic's Greatest Hits,CHIC,1978,227106,0.867,0.0227,0.52,0.0513,0.115,-15.043,0.0614,123.346,4,1
My Sharona,Get The Knack,The Knack,1979,295400,0.586,0.0589,0.7,0.00125,0.0318,-9.558,0.0363,147.245,4,1
"Bad Girls - 12"" Version",Bad Girls [Deluxe Edition (US Version)],Donna Summer,1979,295125,0.872,0.00839,0.873,0.005679999999999999,0.451,-6.824,0.0374,120.37799999999999,4,1
Le Freak,C'est Chic,CHIC,1979,327573,0.867,0.0453,0.746,0.0,0.12300000000000001,-7.445,0.0475,118.616,4,1
I Will Survive - Single Version,20th Century Masters: The Millennium Collection: Best Of Gloria Gaynor,Gloria Gaynor,1979,198066,0.777,0.0131,0.725,0.00805,0.24600000000000002,-8.681000000000001,0.05,116.669,4,1
"Hot Stuff - 12"" Version",Bad Girls [Deluxe Edition (US Version)],Donna Summer,1979,407053,0.8079999999999999,0.00513,0.8809999999999999,0.0127,0.0688,-8.249,0.0338,120.39200000000001,4,1
Y.M.C.A.,Cruisin',Village People,1979,286666,0.75,0.0278,0.785,0.0,0.0601,-10.925999999999998,0.0591,126.361,4,1
When You're In Love With A Beautiful Woman,Pleasure & Pain,Dr. Hook,1979,178826,0.679,0.405,0.728,0.0026100000000000003,0.0506,-9.539,0.0378,109.62299999999999,4,1
Makin' It (Re-Recorded),Makin' It (Re-Recorded) - Single,David Naughton,1979,189582,0.882,0.0475,0.562,0.374,0.0338,-7.67,0.0368,129.99,4,1
Heart Of Glass - Remix,Once More Into The Bleach,Blondie,1979,351293,0.6829999999999999,0.00476,0.5489999999999999,0.0195,0.0623,-11.770999999999999,0.0376,114.939,4,1
What a Fool Believes,"Best of The Doobies, Volume II",The Doobie Brothers,1979,219573,0.6459999999999999,0.27399999999999997,0.623,0.0,0.086,-8.82,0.0337,120.65100000000001,4,1
Good Times,Risqué,CHIC,1979,495400,0.87,0.149,0.657,0.0102,0.053,-7.32,0.0522,110.596,4,1
A Little More Love (Live),Summer Nights - Live in Las Vegas,Olivia Newton-John,1979,283320,0.6809999999999999,0.011000000000000001,0.623,0.000393,0.157,-8.353,0.0466,100.00299999999999,4,1
Rock with You - Single Version,Off the Wall,Michael Jackson,1980,220626,0.8079999999999999,0.179,0.535,9.91e-05,0.158,-12.520999999999999,0.0353,114.031,4,1
Coming Up - Remastered 2011,McCartney II (Special Edition),Paul McCartney,1980,231880,0.8170000000000001,0.457,0.767,0.0723,0.0606,-7.194,0.0468,128.93,4,1
Funkytown - Single Version,80's Pop Number 1's,Various Artists,1980,245413,0.925,0.00128,0.58,0.45799999999999996,0.11199999999999999,-8.987,0.0547,122.671,4,1
It's Still Rock and Roll to Me,The Essential Billy Joel,Billy Joel,1980,177266,0.745,0.0958,0.655,1.99e-06,0.0895,-7.5889999999999995,0.166,141.429,4,1
Escape (The Pina Colada Song),Partners In Crime,Rupert Holmes,1980,276493,0.836,0.467,0.509,4.1e-06,0.0436,-13.668,0.0548,138.714,4,1
"Working My Way Back to You / Forgive Me, Girl",Smooth And Sweet,The Spinners,1980,245479,0.8370000000000001,0.415,0.703,2.7300000000000003e-05,0.153,-9.385,0.0415,121.556,4,1
Upside Down,Diana,Diana Ross,1980,245600,0.873,0.179,0.855,0.0285,0.0377,-8.559,0.0615,107.868,4,1
Bette Davis Eyes,Mistaken Identity,Kim Carnes,1980,228000,0.675,0.0204,0.649,0.0,0.0959,-10.270999999999999,0.0319,116.624,4,1
(Just Like) Starting Over - Remastered 2010,Double Fantasy Stripped Down,John Lennon,1981,236546,0.701,0.301,0.79,6.0599999999999996e-05,0.179,-6.16,0.0725,99.104,4,1
Jessie's Girl,Working Class Dog,Rick Springfield,1981,194120,0.727,0.16399999999999998,0.8320000000000001,0.0,0.105,-5.851,0.05,131.703,4,1
Celebration,Celebrate!,Kool & The Gang,1981,298866,0.885,0.145,0.664,0.0483,0.0767,-11.795,0.0524,121.632,4,1
Kiss on My List,Voices,Daryl Hall & John Oates,1981,264986,0.815,0.434,0.741,0.115,0.0689,-9.478,0.031,121.221,4,1
I Love a Rainy Night - 2009 Remaster,Number One Hits,Eddie Rabbitt,1981,189320,0.6890000000000001,0.0978,0.742,0.0,0.26,-7.325,0.0485,131.474,4,1
9 to 5,9 To 5 And Odd Jobs,Dolly Parton,1981,162466,0.5539999999999999,0.41600000000000004,0.7829999999999999,1.54e-06,0.631,-5.852,0.0457,105.39,4,1
"Believe It or Not (Theme from ""Greatest American Hero"")",America's Greatest Hero,Joey Scarbury,1981,195293,0.521,0.249,0.743,0.0,0.096,-5.903,0.0338,117.12899999999999,4,1
Morning Train (Nine to Five) - Edit,Take My Time,Sheena Easton,1981,200826,0.76,0.63,0.556,0.0,0.14800000000000002,-8.872,0.0817,121.818,4,1
Queen Of Hearts,Juice Newton's Greatest Hits,Juice Newton,1981,206866,0.669,0.21100000000000002,0.779,8.98e-05,0.132,-11.522,0.0533,169.47799999999998,4,1
Rapture,Greatest Hits: Blondie,Blondie,1981,299373,0.7240000000000001,0.113,0.7040000000000001,0.00425,0.466,-8.258,0.0511,107.486,4,1
The Tide Is High - Edit,Tide Is High,Blondie,1981,233893,0.778,0.0514,0.667,0.0312,0.092,-7.273,0.0258,96.954,4,1
Just the Two of Us (feat. Bill Withers),Love Songs,"Grover Washington, Jr.",1981,237106,0.8029999999999999,0.5760000000000001,0.488,0.0609,0.0763,-9.302999999999999,0.0803,95.771,4,1
Slow Hand,Black & White (Expanded Edition),The Pointer Sisters,1981,231960,0.826,0.40299999999999997,0.5579999999999999,1.9399999999999997e-05,0.0631,-7.766,0.0322,110.77,4,1
Physical,Physical,Olivia Newton-John,1982,224773,0.8340000000000001,0.0631,0.633,5e-05,0.313,-11.442,0.0422,123.815,4,1
Eye of the Tiger,Eye Of The Tiger,Survivor,1982,243773,0.815,0.21600000000000003,0.43799999999999994,0.000466,0.0787,-14.522,0.0346,108.965,4,1
I Love Rock 'N Roll,I Love Rock 'N' Roll (Expanded Edition),Joan Jett & The Blackhearts,1982,175173,0.535,0.326,0.716,0.0,0.659,-5.025,0.0431,94.37899999999999,4,1
Ebony And Ivory - Remixed 2015,Tug Of War,Paul McCartney,1982,226266,0.5670000000000001,0.0784,0.6920000000000001,0.0,0.0338,-7.881,0.0379,160.697,4,1
Centerfold,Freeze Frame,The J. Geils Band,1982,216533,0.653,0.249,0.677,0.0,0.40299999999999997,-12.244000000000002,0.0396,114.37,4,1
Don't You Want Me,Dare!,The Human League,1982,236920,0.731,0.184,0.738,0.0,0.214,-8.125,0.0377,117.656,4,1
Jack & Diane,American Fool,John Mellencamp,1982,254493,0.8109999999999999,0.0365,0.41,6.63e-06,0.0799,-8.214,0.0391,103.965,4,1
Hurts So Good,American Fool,John Mellencamp,1982,218960,0.785,0.042,0.737,0.00010700000000000001,0.10800000000000001,-5.306,0.0363,125.447,4,1
Abracadabra,Steve Miller Band,Steve Miller Band,1982,307400,0.79,0.0775,0.537,3.01e-06,0.17300000000000001,-13.272,0.036000000000000004,127.51100000000001,4,1
I Can't Go for That (No Can Do),Private Eyes (Expanded Edition),Daryl Hall & John Oates,1982,307306,0.889,0.0405,0.441,0.000788,0.038,-9.506,0.0379,110.565,4,1
867-5309 / Jenny,Tommy Tutone - 2,Tommy Tutone,1982,226200,0.584,0.0264,0.708,0.00364,0.11199999999999999,-10.039,0.0593,137.657,4,1
You Should Hear How She Talks About You,Hey Ricky,Melissa Manchester,1982,256386,0.753,0.212,0.8340000000000001,2.9299999999999997e-05,0.259,-6.516,0.115,131.909,4,1
Don't Talk to Strangers,Success Hasn't Spoiled Me,Rick Springfield,1982,180360,0.8,0.29100000000000004,0.7120000000000001,0.0,0.145,-9.472000000000001,0.0419,123.211,4,1
Billie Jean,Thriller,Michael Jackson,1983,294226,0.932,0.0173,0.457,0.0436,0.0414,-9.62,0.0541,117.00200000000001,4,1
Flashdance... What A Feeling,Flashdance... What A Feeling,Irene Cara,1983,234040,0.637,0.138,0.63,3.79e-06,0.214,-8.166,0.0372,124.913,4,1
Down Under,Business As Usual,Men At Work,1983,222320,0.7390000000000001,0.129,0.45899999999999996,0.0194,0.0474,-14.42,0.0294,107.115,4,1
Beat It,Thriller,Michael Jackson,1983,258399,0.7759999999999999,0.0242,0.711,0.00035299999999999996,0.23399999999999999,-9.03,0.0473,138.72799999999998,4,1
Maneater,H2O,Daryl Hall & John Oates,1983,271893,0.727,0.0351,0.685,4.429999999999999e-05,0.0973,-7.159,0.0398,88.75,4,1
Maniac - BOF Flashdance,80's Pop Number 1's,Various Artists,1983,247440,0.6509999999999999,0.019,0.639,0.0,0.0522,-7.836,0.0583,157.738,4,1
Sweet Dreams (Are Made of This) - Remastered,Sweet Dreams (Are Made Of This),Eurythmics,1983,216933,0.6920000000000001,0.225,0.711,0.0,0.12,-7.497999999999999,0.0317,125.135,4,1
She Works Hard For The Money,She Works Hard For The Money,Donna Summer,1983,320840,0.758,0.00486,0.638,0.0141,0.0938,-13.01,0.0378,136.502,4,1
Hungry Like the Wolf - 2009 Remaster,Rio (Collector's Edition),Duran Duran,1983,220626,0.691,0.0433,0.812,1.16e-06,0.299,-7.772,0.0558,127.568,4,1
Twilight Zone,Cut,Golden Earring,1983,478106,0.6559999999999999,0.00785,0.7559999999999999,3.4899999999999995e-05,0.0927,-6.516,0.0399,118.56,4,1
I Know There's Something Going On,Something's Going On (Remastered),Frida,1983,326746,0.59,0.0432,0.7959999999999999,0.33899999999999997,0.0808,-8.228,0.0356,109.01799999999999,4,1
When Doves Cry,Purple Rain,Prince,1984,352906,0.7290000000000001,0.0102,0.9890000000000001,4.45e-05,0.44299999999999995,-4.613,0.049,126.47,4,1
What's Love Got to Do with It - 2015 Remaster,Private Dancer (30th Anniversary Issue),Tina Turner,1984,230240,0.855,0.254,0.48,2.1600000000000003e-05,0.151,-8.902000000000001,0.0588,97.79299999999999,4,1
Say Say Say - Remastered 2015,Pipes Of Peace,Paul McCartney,1984,235693,0.8220000000000001,0.115,0.6859999999999999,0.000982,0.0463,-10.456,0.0472,117.743,4,1
"Footloose - From ""Footloose"" Soundtrack",Footloose (15th Anniversary Collectors' Edition),Various Artists,1984,226826,0.583,0.0984,0.905,0.00018999999999999998,0.0593,-6.132000000000001,0.0733,173.982,4,1
Jump,1984,Van Halen,1984,239560,0.547,0.0745,0.8220000000000001,0.00943,0.0645,-7.2010000000000005,0.0292,130.138,4,1
Owner of a Lonely Heart,90125 (Deluxe Version),Yes,1984,268506,0.7440000000000001,0.175,0.7979999999999999,0.00367,0.26,-5.981,0.0364,125.061,4,1
Ghostbusters,Ghostbusters (Original Motion Picture Soundtrack),Various Artists,1984,245600,0.787,0.0192,0.588,0.0205,0.34700000000000003,-14.228,0.0355,115.51299999999999,4,1
Karma Chameleon - Remastered,Colour By Numbers,Culture Club,1984,252773,0.6679999999999999,0.225,0.73,0.0,0.188,-7.182,0.0366,92.04899999999999,4,1
All Night Long (All Night) - Single Version,The Definitive Collection,Lionel Richie,1984,260426,0.7390000000000001,0.122,0.5760000000000001,0.00206,0.0482,-12.024000000000001,0.0472,108.81,4,1
"Let's Hear It for the Boy - From ""Footloose"" Soundtrack",Footloose (15th Anniversary Collectors' Edition),Various Artists,1984,261893,0.7829999999999999,0.177,0.573,8.499999999999999e-05,0.043,-8.521,0.0462,122.744,4,1
Dancing In the Dark,Born In The U.S.A.,Bruce Springsteen,1984,241306,0.527,0.0115,0.9420000000000001,0.0,0.188,-5.64,0.0366,148.72299999999998,4,1
Girls Just Want to Have Fun,She's So Unusual: A 30th Anniversary Celebration (Deluxe Edition),Cyndi Lauper,1984,238120,0.7070000000000001,0.214,0.7879999999999999,0.000571,0.308,-5.269,0.0333,120.465,4,1
The Reflex,Seven and the Ragged Tiger,Duran Duran,1984,266933,0.556,0.12300000000000001,0.9,0.0,0.5710000000000001,-6.11,0.09699999999999999,126.686,4,1
Jump (For My Love),Break Out,The Pointer Sisters,1984,267226,0.8420000000000001,0.161,0.6970000000000001,0.000101,0.583,-13.796,0.0654,134.533,4,1
Talking In Your Sleep,In Heat,The Romantics,1984,235093,0.72,0.0289,0.9670000000000001,0.00034500000000000004,0.142,-4.434,0.0343,129.766,4,1
Self Control,Self Control,Laura Branigan,1984,246440,0.8140000000000001,0.21899999999999997,0.6859999999999999,0.0038200000000000005,0.155,-12.172,0.0342,106.679,4,1
Like a Virgin,Like a Virgin (Reissue),Madonna,1985,218626,0.773,0.20199999999999999,0.6559999999999999,0.00323,0.0697,-10.88,0.0381,119.75399999999999,4,1
I Feel for You - Remix,Life Is a Dance / Remix Project,Chaka Khan,1985,300733,0.745,0.0086,0.9279999999999999,0.344,0.231,-8.65,0.0672,125.259,4,1
Out of Touch - Video Mix,Big Bam Boom,Daryl Hall & John Oates,1985,261933,0.777,0.0831,0.732,0.000915,0.0585,-8.404,0.0331,114.885,4,1
Everybody Wants To Rule The World,Songs From The Big Chair (Super Deluxe Edition),Tears For Fears,1985,251488,0.645,0.34700000000000003,0.795,0.00389,0.10400000000000001,-12.095,0.0527,112.06700000000001,4,1
Money for Nothing,Sultans of Swing - the Very Best of Dire Straits,Dire Straits,1985,249706,0.679,0.0856,0.679,8.54e-06,0.0592,-9.746,0.0352,134.234,4,1
Crazy for You,Something to Remember,Madonna,1985,224520,0.6659999999999999,0.122,0.7140000000000001,0.0,0.128,-6.575,0.0294,94.99799999999999,4,1
Take on Me,Hunting High and Low,a-ha,1985,225280,0.573,0.018000000000000002,0.902,0.00125,0.0928,-7.638,0.054000000000000006,84.412,4,1
Every Time You Go Away - Radio Edit,From Time To Time - The Singles Collection,Paul Young,1985,267000,0.5720000000000001,0.187,0.721,7.41e-06,0.21600000000000003,-8.959,0.0402,164.252,4,1
Easy Lover,Chinese Wall (Expanded Edition),Philip Bailey,1985,305866,0.74,0.105,0.9229999999999999,0.00016299999999999998,0.0825,-5.082,0.0369,128.871,4,1
We Built This City,Knee Deep In The Hoopla,Starship,1985,296080,0.6609999999999999,0.052000000000000005,0.9079999999999999,0.0,0.0708,-4.897,0.039,144.091,4,1
The Power Of Love,Greatest Hits: Huey Lewis And The News,Huey Lewis & The News,1985,234333,0.768,0.0964,0.8290000000000001,2.9199999999999998e-05,0.09699999999999999,-5.109,0.0313,118.773,4,1
Don't You (Forget About Me),Once Upon A Time (Deluxe),Simple Minds,1985,263040,0.66,0.168,0.816,0.0181,0.0608,-6.61,0.0299,111.346,4,1
"The Heat Is On - From ""Beverly Hills Cop"" Soundtrack",Solo Collection,Glenn Frey,1985,225506,0.649,0.11,0.857,1.21e-05,0.0871,-7.015,0.044000000000000004,149.583,4,1
How Will I Know,Whitney Houston,Whitney Houston,1986,275533,0.8320000000000001,0.201,0.544,0.000139,0.632,-12.697000000000001,0.0442,119.49,4,1
Party All the Time,How Could It Be,Eddie Murphy,1986,253293,0.6990000000000001,0.00979,0.6920000000000001,0.00032599999999999996,0.0427,-13.045,0.0456,135.03,4,1
"Burning Heart - From ""Rocky IV"" Soundtrack",Rocky IV,Various Artists,1986,230720,0.6509999999999999,0.221,0.665,7.91e-06,0.0403,-7.43,0.0269,97.99600000000001,4,1
West End Girls - 2001 Remaster,Please: Further Listening 1984-1986,Pet Shop Boys,1986,245360,0.648,0.0114,0.9470000000000001,0.0567,0.105,-6.617000000000001,0.0369,113.255,4,1
Kiss,Parade - Music from the Motion Picture Under the Cherry Moon,Prince,1986,226240,0.898,0.0135,0.271,0.0013800000000000002,0.0461,-12.238,0.091,111.485,4,1
Higher Love - Single Version,80's Pop Number 1's,Various Artists,1986,252253,0.7190000000000001,0.0683,0.9,0.0465,0.397,-6.686,0.0454,98.796,4,1
Walk Like an Egyptian,Different Light (Expanded Edition),The Bangles,1987,203226,0.711,0.0144,0.833,3.46e-06,0.303,-12.755999999999998,0.0851,103.15299999999999,4,1
I Wanna Dance with Somebody (Who Loves Me),Whitney,Whitney Houston,1987,291293,0.7090000000000001,0.207,0.8240000000000001,0.000307,0.0888,-8.824,0.0453,118.818,4,1
Nothing's Gonna Stop Us Now,No Protection,Starship,1987,270333,0.643,0.0298,0.8009999999999999,0.0,0.0719,-4.921,0.0228,95.988,4,1
C'est La Vie,Robbie Nevil,Robbie Nevil,1987,270306,0.726,0.5589999999999999,0.809,0.00029,0.845,-12.356,0.0541,102.12299999999999,4,1
Shakedown - Remastered,Beverly Hills Cop II,Various Artists,1987,240973,0.5710000000000001,0.0391,0.938,1.85e-06,0.332,-6.425,0.0667,170.67700000000002,4,1
Livin' On A Prayer,Slippery When Wet,Bon Jovi,1987,249293,0.534,0.0768,0.887,9.93e-05,0.325,-3.7769999999999997,0.0345,122.494,4,1
Everybody Have Fun Tonight,Mosaic,Wang Chung,1987,287360,0.728,0.0884,0.619,8.44e-05,0.039,-12.265,0.0379,128.845,4,1
Looking For A New Love - Radio Edit,20th Century Masters: The Millennium Collection: Best Of Jody Watley,Jody Watley,1987,242400,0.905,0.149,0.604,9.240000000000001e-05,0.0523,-7.433,0.0413,109.196,4,1
Head to Toe,Spanish Fly,Lisa Lisa & Cult Jam,1987,303266,0.879,0.0425,0.511,0.0074,0.17600000000000002,-11.36,0.124,113.76299999999999,4,1
I Think We're Alone Now,Tiffany,Tiffany,1987,228840,0.752,0.025,0.723,0.0035399999999999997,0.0212,-12.126,0.0507,130.519,4,1
Mony Mony - Downtown Mix / 24-Bit Digitally Remastered 2001,Vital Idol,Billy Idol,1987,301800,0.742,0.00935,0.743,0.0,0.22,-6.292999999999999,0.0508,135.012,4,1
Faith - Remastered,Faith,George Michael,1988,193200,0.887,0.0094,0.48,3.5799999999999996e-05,0.0662,-11.994000000000002,0.11699999999999999,95.846,4,1
Need You Tonight,Kick,INXS,1988,180517,0.8009999999999999,0.0713,0.723,0.154,0.0675,-4.985,0.0689,109.03,4,1
Got My Mind Set On You - Remastered 2004,Cloud Nine,George Harrison,1988,234653,0.767,0.465,0.8540000000000001,2.03e-06,0.485,-6.947,0.0426,149.20600000000002,4,1
Never Gonna Give You Up,Whenever You Need Somebody,Rick Astley,1988,212826,0.727,0.135,0.9390000000000001,4.35e-05,0.151,-11.855,0.0369,113.33,4,1
So Emotional,Whitney,Whitney Houston,1988,276666,0.698,0.271,0.7909999999999999,4.74e-05,0.19899999999999998,-10.012,0.0495,119.081,4,1
Heaven Is A Place On Earth,Heaven On Earth,Belinda Carlisle,1988,247293,0.64,0.031,0.81,2.22e-06,0.0492,-10.19,0.033,122.868,4,1
Roll With It,Roll With It,Steve Winwood,1988,320733,0.759,0.07,0.645,0.0403,0.0986,-13.352,0.0276,117.25399999999999,4,1
Wishing Well,Do You Love Me Like You Say: The Very Best Of Terence Trent D'Arby,Terence Trent D'Arby,1988,210426,0.852,0.0766,0.654,0.0,0.11599999999999999,-6.901,0.0573,104.932,4,1
"Get Outta My Dreams, Get into My Car",Tear Down These Walls,Billy Ocean,1988,333506,0.6609999999999999,0.0557,0.9109999999999999,5.68e-06,0.349,-6.571000000000001,0.0417,117.147,4,1
My Prerogative,Don't Be Cruel,Bobby Brown,1989,291560,0.762,0.0655,0.625,0.0,0.252,-10.481,0.0562,110.163,4,1
Every Rose Has Its Thorn - Remastered 2003,Open Up And Say...Ahh! (20th Anniversary Edition),Poison,1989,260173,0.5329999999999999,0.16,0.637,1.12e-05,0.369,-5.571000000000001,0.0323,140.167,4,1
Straight Up,Forever Your Girl,Paula Abdul,1989,251466,0.769,0.267,0.826,0.0177,0.0638,-8.252,0.0624,95.86200000000001,4,1
Miss You Much,Rhythm Nation 1814,Janet Jackson,1989,252333,0.7020000000000001,0.0305,0.975,0.000134,0.165,-7.968,0.0396,115.185,4,1
Cold Hearted,Forever Your Girl,Paula Abdul,1989,231400,0.879,0.149,0.679,0.008709999999999999,0.0787,-8.59,0.0421,122.38,4,1
Girl You Know It's True,Girl You Know It's True - The Best Of Milli Vanilli,Milli Vanilli,1989,198573,0.772,0.00797,0.8220000000000001,0.00148,0.457,-5.649,0.12300000000000001,97.71799999999999,4,1
Waiting for a Star to Fall,Reel Life,Boy Meets Girl,1989,270506,0.6709999999999999,0.0775,0.86,2.15e-06,0.159,-5.192,0.0264,116.465,4,1
I'm Gonna Miss You,Greatest Hits,Milli Vanilli,1989,239640,0.72,0.111,0.504,0.00223,0.109,-9.033999999999999,0.0449,75.656,4,1
The Look,Look Sharp! (2009 Version),Roxette,1989,237320,0.634,0.0531,0.838,8.34e-06,0.0522,-5.3629999999999995,0.0413,95.01100000000001,4,1
She Drives Me Crazy,The Raw And The Cooked,Fine Young Cannibals,1989,215773,0.799,0.193,0.687,0.000188,0.0307,-5.682,0.0431,108.804,4,1
On Our Own,Ghostbusters II,Various Artists,1989,294413,0.659,0.0035,0.899,0.0,0.0629,-6.207000000000001,0.0423,101.802,4,1
Two Hearts,...Hits,Phil Collins,1989,204093,0.589,0.33399999999999996,0.8079999999999999,0.0512,0.0514,-6.577999999999999,0.0354,155.599,4,1
Hold On,Wilson Phillips,Wilson Phillips,1990,266866,0.679,0.4,0.657,0.0,0.0497,-9.897,0.0255,97.8,4,1
Poison,Poison,Bell Biv DeVoe,1990,261853,0.84,0.00195,0.56,0.00417,0.633,-10.53,0.21,111.815,4,1
Vogue - Edit,I'm Breathless,Madonna,1990,289560,0.69,0.0109,0.8170000000000001,0.0027600000000000003,0.10300000000000001,-10.137,0.0478,116.211,4,1
Another Day in Paradise - 2016 Remaster,...But Seriously (2016 Remaster),Phil Collins,1990,323040,0.7809999999999999,0.731,0.5760000000000001,0.00264,0.0561,-6.947,0.0311,101.985,4,1
Hold On,Born to Sing,En Vogue,1990,304466,0.728,0.0865,0.46399999999999997,0.0,0.34299999999999997,-11.155999999999999,0.0605,96.944,4,1
Cradle of Love,Charmed Life,Billy Idol,1990,281493,0.603,0.0037,0.9390000000000001,0.0,0.0651,-5.497999999999999,0.0398,144.05200000000002,4,1
Do Me!,Poison,Bell Biv DeVoe,1990,272440,0.716,0.134,0.772,2.15e-06,0.35,-6.816,0.037000000000000005,107.823,4,1
Pump Up The Jam,Pump Up The Jam,Technotronic,1990,320306,0.885,0.0147,0.8440000000000001,4.49e-06,0.0494,-9.225,0.0733,124.602,4,1
Opposites Attract,Forever Your Girl,Paula Abdul,1990,265373,0.7829999999999999,0.0337,0.8420000000000001,2.57e-06,0.0519,-8.838,0.054000000000000006,117.79,4,1
Escapade,Rhythm Nation 1814,Janet Jackson,1990,283933,0.8059999999999999,0.0259,0.9540000000000001,0.000617,0.17600000000000002,-6.7410000000000005,0.0514,115.229,4,1
All I Wanna Do Is Make Love To You,Brigade,Heart,1990,310893,0.626,0.16,0.746,0.0,0.0618,-8.832,0.0282,102.896,4,1
Close To You,Bonafide,Maxi Priest,1990,325800,0.7809999999999999,0.0849,0.478,3.93e-06,0.0877,-15.427,0.0561,95.992,4,1
Black Velvet,Alannah Myles,Alannah Myles,1990,287440,0.754,0.273,0.366,9.04e-05,0.106,-10.07,0.0312,91.147,4,1
I Wanna Sex You Up - Single Mix,New Jack City (Music from the Motion Picture),Various Artists,1991,236946,0.551,0.00549,0.591,6.55e-06,0.0416,-8.404,0.12,201.799,4,1
Gonna Make You Sweat (Everybody Dance Now),Gonna Make You Sweat,C & C Music Factory,1991,243693,0.557,0.0018,0.74,0.42200000000000004,0.14800000000000002,-10.999,0.0879,114.37899999999999,4,1
One More Try,Time After Time,Timmy T,1991,209426,0.6409999999999999,0.191,0.573,0.0,0.317,-9.198,0.0485,149.826,5,1
Unbelievable,Schubert Dip,EMF,1991,209813,0.637,0.000341,0.8490000000000001,0.0386,0.141,-6.855,0.0362,104.074,4,1
I Like The Way,Greatest Hits,Hi-Five,1991,350266,0.7240000000000001,0.0595,0.6920000000000001,0.0108,0.0316,-5.109,0.0333,104.086,4,1
"Baby, Baby",Heart In Motion,Amy Grant,1991,236973,0.7020000000000001,0.426,0.9009999999999999,0.0015300000000000001,0.0368,-4.45,0.0264,97.86200000000001,4,1
Motownphilly,The Best Of Boyz II Men 20th Century Masters The Millennium Collection,Boyz II Men,1991,235320,0.746,0.0146,0.852,3.02e-05,0.26,-9.676,0.0606,114.165,4,1
Someday,Greatest Hits,Mariah Carey,1991,246706,0.685,0.165,0.8740000000000001,0.0,0.0189,-6.507999999999999,0.0419,109.861,4,1
Right Here Right Now,Doubt,Jesus Jones,1991,189293,0.657,0.0088,0.608,3.45e-06,0.10300000000000001,-13.565,0.0287,106.86200000000001,4,1
Love Will Never Do (Without You),Rhythm Nation 1814,Janet Jackson,1991,350000,0.7390000000000001,0.139,0.951,0.0062,0.462,-8.863,0.0496,103.17,4,1
Good Vibrations,Music For The People,Marky Mark And The Funky Bunch,1991,269306,0.711,0.0018899999999999998,0.951,0.366,0.0229,-8.406,0.0537,121.656,4,1
Baby Got Back,Mack Daddy,Sir Mix-A-Lot,1992,262826,0.937,0.00533,0.654,1.26e-06,0.0542,-11.187000000000001,0.322,128.46200000000002,4,1
Jump,Totally Krossed Out,Kris Kross,1992,195106,0.7490000000000001,0.0005009999999999999,0.745,0.00403,0.33299999999999996,-10.625,0.16399999999999998,101.97200000000001,4,1
Baby-Baby-Baby,Ooooooohhh... On The TLC Tip,TLC,1992,315040,0.679,0.0913,0.597,0.0006730000000000001,0.0487,-8.601,0.0439,184.174,4,1
My Lovin' (You're Never Gonna Get It),Funky Divas,En Vogue,1992,281613,0.767,0.0318,0.8390000000000001,9.31e-06,0.111,-5.519,0.0613,98.055,4,1
All 4 Love,C.M.B.,Color Me Badd,1992,211493,0.807,0.0347,0.75,0.00016999999999999999,0.149,-8.29,0.0315,106.389,4,1
Just Another Day,Jon Secada,Jon Secada,1992,327426,0.7170000000000001,0.0194,0.642,0.00024900000000000004,0.043,-10.727,0.0287,105.89399999999999,4,1
I Love Your Smile,Inner Child,Shanice,1992,257973,0.722,0.00955,0.8420000000000001,8.45e-06,0.17800000000000002,-8.745,0.126,93.954,4,1
I'm Too Sexy,Up,Right Said Fred,1992,170466,0.6829999999999999,4.91e-05,0.7390000000000001,0.0122,0.293,-12.831,0.0495,122.113,4,1
Black or White - Single Version,The Essential Michael Jackson,Michael Jackson,1992,202853,0.741,0.0814,0.894,0.0527,0.08900000000000001,-3.826,0.0496,114.87899999999999,4,1
Achy Breaky Heart,Some Gave All,Billy Ray Cyrus,1992,203373,0.8,0.051,0.563,0.0,0.0797,-10.209,0.0303,121.80799999999999,4,1
Life Is A Highway,Mad Mad World,Tom Cochrane,1992,266560,0.6829999999999999,0.0681,0.7509999999999999,8.36e-06,0.248,-10.184,0.0346,103.036,4,1
Remember the Time,"HIStory - PAST, PRESENT AND FUTURE - BOOK I",Michael Jackson,1992,239626,0.8340000000000001,0.128,0.9079999999999999,0.0038200000000000005,0.18100000000000002,-3.404,0.0646,107.931,4,1
Finally,Finally,CeCe Peniston,1992,245000,0.7909999999999999,0.006529999999999999,0.6579999999999999,0.0,0.0472,-11.128,0.0445,120.066,4,1
Whoomp! (There It Is),Whoomp! (There It Is),Tag Team,1993,225266,0.7979999999999999,0.0013800000000000002,0.649,0.0,0.0792,-7.392,0.0411,129.422,4,1
(I Can't Help) Falling In Love With You,Promises And Lies,UB40,1993,207440,0.642,0.0444,0.722,0.0038799999999999998,0.122,-13.030999999999999,0.0375,172.40599999999998,4,1
That's The Way Love Goes,Janet,Janet Jackson,1993,265106,0.703,0.302,0.7,0.47100000000000003,0.0718,-6.789,0.0693,97.675,4,1
Freak Me,Lose Control,Silk,1993,274533,0.6970000000000001,0.0295,0.608,0.0,0.276,-10.975999999999999,0.0463,133.879,4,1
Weak,It's About Time,SWV,1993,291906,0.693,0.107,0.5329999999999999,0.0,0.0695,-10.954,0.0402,127.661,4,1
Dreamlover,Music Box,Mariah Carey,1993,232960,0.701,0.18,0.705,0.0,0.141,-6.18,0.0357,100.669,4,1
Rump Shaker,Hard Or Smooth,Wreckx-N-Effect,1993,312360,0.888,0.0025,0.8220000000000001,0.0197,0.303,-6.843,0.21899999999999997,102.75299999999999,4,1
Informer,12 Inches Of Snow,Snow,1993,268910,0.763,0.0984,0.742,0.0,0.38,-10.975,0.188,98.145,4,1
Don't Walk Away,Jade To The Max,Jade,1993,216373,0.831,0.147,0.915,0.00571,0.196,-7.501,0.128,102.979,4,1
Knockin' da Boots,Fever for da Flavor,H-Town,1993,330945,0.726,0.155,0.501,0.0,0.0893,-13.884,0.154,128.099,4,1
Dazzey Duks,Dazzey Duks,Duice,1993,244866,0.884,0.000925,0.46399999999999997,4.36e-06,0.0366,-12.876,0.222,132.172,4,1
Show Me Love,Show Me Love,Robin S,1993,252106,0.8109999999999999,0.013999999999999999,0.833,2.0600000000000003e-05,0.0769,-4.2589999999999995,0.153,120.258,4,1
If,Janet,Janet Jackson,1993,271640,0.653,0.0374,0.976,0.00173,0.561,-5.172999999999999,0.0797,105.575,4,1
I'm So Into You,It's About Time,SWV,1993,278333,0.85,0.0624,0.513,0.00249,0.0689,-10.663,0.0513,99.01,4,1
The Sign,The Sign,Ace of Base,1994,191240,0.8079999999999999,0.00928,0.7859999999999999,0.0701,0.0574,-6.897,0.0447,96.98700000000001,4,1
Stay,Tails,Lisa Loeb & Nine Stories,1994,183760,0.6759999999999999,0.45399999999999996,0.5920000000000001,0.0,0.107,-6.8870000000000005,0.0452,80.316,4,1
Breathe Again,Toni Braxton,Toni Braxton,1994,269173,0.6890000000000001,0.0704,0.677,0.0,0.0877,-6.36,0.0326,153.91899999999998,4,1
All That She Wants,Happy Nation (U.S. Version),Ace of Base,1994,211213,0.7070000000000001,0.0052899999999999996,0.628,8.759999999999999e-05,0.10400000000000001,-9.683,0.0878,187.53799999999998,4,1
Don't Turn Around,The Sign,Ace of Base,1994,230186,0.745,0.0010400000000000001,0.7709999999999999,0.387,0.0574,-8.231,0.0755,95.62299999999999,4,1
Bump n' Grind,12 Play,R. Kelly,1994,256133,0.621,0.0984,0.48100000000000004,0.0,0.24100000000000002,-8.016,0.0371,65.00399999999999,4,1
Whatta Man,Very Necessary,Salt-N-Pepa,1994,308360,0.754,0.16399999999999998,0.551,3.43e-05,0.185,-10.614,0.244,173.1,4,1
Wild Night,Dance Naked,John Mellencamp,1994,207506,0.665,0.0695,0.888,0.00147,0.10400000000000001,-4.433,0.0552,144.339,4,1
You Mean the World to Me,Toni Braxton,Toni Braxton,1994,296400,0.595,0.0964,0.736,9.28e-06,0.10400000000000001,-6.648,0.0469,167.669,4,1
Fantastic Voyage,It Takes a Thief,Coolio,1994,334440,0.888,0.0389,0.584,3.25e-06,0.0625,-13.308,0.11199999999999999,104.704,4,1
Believe,Believe,Cher,1995,239026,0.652,0.0082,0.917,0.0,0.0509,-6.72,0.0548,132.975,4,1
No Scrubs,Fanmail,TLC,1995,214400,0.743,0.0251,0.675,0.000717,0.0685,-4.2669999999999995,0.0953,92.90899999999999,4,1
Angel of Mine,The Boy Is Mine,Monica,1995,250173,0.5920000000000001,0.00373,0.562,3.229999999999999e-05,0.223,-6.869,0.0239,90.16,4,1
Heartbreak Hotel (feat. Faith Evans & Kelly Price),My Love Is Your Love,Whitney Houston,1995,281493,0.7240000000000001,0.0477,0.535,0.0,0.0314,-7.6160000000000005,0.0588,133.816,4,1
...Baby One More Time,...Baby One More Time (Digital Deluxe Version),Britney Spears,1995,211066,0.759,0.20199999999999999,0.6990000000000001,0.000131,0.44299999999999995,-5.745,0.0307,92.96,4,1
Kiss Me,Sixpence None The Richer,Sixpence None The Richer,1995,208680,0.526,0.023,0.7490000000000001,1.76e-06,0.0692,-6.9639999999999995,0.0283,99.98200000000001,4,1
Genie in a Bottle,Christina Aguilera,Christina Aguilera,1995,217133,0.633,0.185,0.792,0.000185,0.152,-6.968,0.149,175.795,4,1
Every Morning,14:59,Sugar Ray,1995,219866,0.833,0.0834,0.679,0.0025800000000000003,0.0769,-4.496,0.0365,109.916,4,1
Nobody's Supposed to Be Here,One Wish,Deborah Cox,1995,262333,0.662,0.20199999999999999,0.531,1.1599999999999999e-05,0.595,-5.3,0.0361,119.95700000000001,4,1
Livin' la Vida Loca,The Greatest Hits,Ricky Martin,1995,243373,0.41700000000000004,0.00463,0.956,0.0,0.0725,-3.7710000000000004,0.055,178.11900000000003,4,1
Where My Girls At,702,702,1995,166693,0.705,0.0352,0.725,0.0149,0.19399999999999998,-7.435,0.0506,92.186,4,1
If You Had My Love,On The 6,Jennifer Lopez,1995,266000,0.68,0.0645,0.625,5.8099999999999996e-05,0.109,-7.0,0.0353,94.02,4,1
Slide,Dizzy up the Girl,The Goo Goo Dolls,1995,212066,0.395,0.00483,0.843,0.0,0.0404,-4.476,0.0374,112.42299999999999,4,1
Have You Ever,Never Say Never,Brandy,1995,273440,0.698,0.542,0.5329999999999999,0.0,0.33299999999999996,-6.246,0.0437,134.001,4,1
I Want It That Way,Millennium,Backstreet Boys,1995,213306,0.6890000000000001,0.257,0.6940000000000001,0.0,0.14800000000000002,-5.83,0.027000000000000003,99.039,4,1
All Star,Astro Lounge,Smash Mouth,1995,200373,0.731,0.0395,0.867,0.0,0.0861,-5.881,0.032,104.01899999999999,4,1
Smooth (feat. Rob Thomas),Supernatural (Remastered),Santana,1995,294986,0.609,0.16,0.9229999999999999,4.73e-06,0.295,-3.908,0.0338,115.99600000000001,4,1
Unpretty,Fanmail,TLC,1995,278066,0.648,0.0015199999999999999,0.622,5.9699999999999994e-05,0.109,-6.063,0.0428,88.684,4,1
Too Close,Rated Next,Next,1996,259440,0.847,0.0118,0.402,0.0,0.28300000000000003,-9.952,0.0641,99.693,4,1
The Boy Is Mine,Never Say Never,Brandy,1996,294786,0.7040000000000001,0.539,0.7070000000000001,0.00106,0.318,-6.537000000000001,0.0391,93.145,4,1
Together Again,The Velvet Rope,Janet Jackson,1996,301200,0.873,0.078,0.593,0.0069700000000000005,0.10400000000000001,-8.942,0.10300000000000001,123.09100000000001,4,1
How's It Going to Be,Third Eye Blind,Third Eye Blind,1996,253413,0.562,0.0032700000000000003,0.593,0.00139,0.0967,-9.362,0.0263,80.289,4,1
"No, No, No, Pt. 1",Destiny's Child,Destiny's Child,1996,247040,0.6940000000000001,0.19,0.368,0.0,0.14,-7.263999999999999,0.0655,60.117,4,1
Gettin' Jiggy Wit It,Gettin' Jiggy Wit It,Will Smith,1996,228493,0.866,0.0223,0.905,0.0,0.223,-3.759,0.14400000000000002,107.874,4,1
You Make Me Wanna...,90 Sweet 90s Hits!,Various Artists,1996,219546,0.7609999999999999,0.0368,0.65,0.0,0.086,-6.865,0.0589,164.09799999999998,4,1
My Way,Live,Usher,1996,217093,0.602,0.0363,0.725,0.0,0.863,-9.46,0.10400000000000001,93.16,4,1
The First Night,The Boy Is Mine,Monica,1996,235573,0.6709999999999999,0.139,0.7659999999999999,0.0,0.26,-9.218,0.0634,152.088,4,1
Been Around the World (feat. The Notorious B.I.G. & Mase),No Way Out,Diddy,1996,325933,0.815,0.0191,0.529,0.0,0.406,-10.117,0.28,99.439,4,1
Can't Nobody Hold Me Down (feat. Mase),No Way Out,Diddy,1997,231160,0.9279999999999999,0.102,0.7709999999999999,1.07e-05,0.33799999999999997,-5.935,0.251,93.98700000000001,4,1
Don't Let Go (Love),EV3,En Vogue,1997,291880,0.618,0.409,0.688,6.32e-06,0.3,-5.867000000000001,0.0477,78.311,4,1
Return of the Mack,Return of the Mack,Mark Morrison,1997,213093,0.715,0.0063100000000000005,0.833,0.0,0.16399999999999998,-5.379,0.10800000000000001,95.48700000000001,4,1
Wannabe,Spice,Spice Girls,1997,173026,0.768,0.10099999999999999,0.8640000000000001,0.0,0.162,-6.145,0.0324,110.008,4,1
Quit Playing Games (With My Heart),Backstreet Boys,Backstreet Boys,1997,233533,0.8,0.0615,0.875,2.79e-06,0.13,-4.952,0.0338,100.03299999999999,4,1
MMMBop - Single Version,The Best Of Hanson 20th Century Masters The Millennium Collection,Hanson,1997,238733,0.6920000000000001,0.0046,0.938,0.00412,0.0631,-6.767,0.0468,104.887,4,1
You Make Me Wanna...,You Make Me Wanna... (Remix),Usher,1997,220093,0.755,0.0419,0.639,0.0,0.0683,-7.499,0.0549,164.078,4,1
Bitch,Blurring The Edges,Meredith Brooks,1997,252760,0.617,0.0112,0.8859999999999999,9.63e-05,0.0523,-5.952999999999999,0.055,96.32799999999999,4,1
Semi-Charmed Life,Third Eye Blind,Third Eye Blind,1997,268360,0.64,0.008320000000000001,0.8640000000000001,0.0,0.12300000000000001,-6.5760000000000005,0.0315,102.02600000000001,4,1
Barely Breathing,Duncan Sheik,Duncan Sheik,1997,254546,0.48200000000000004,0.0281,0.807,0.0,0.177,-6.976,0.0457,187.918,4,1
You're Makin' Me High,Secrets,Toni Braxton,1998,267440,0.852,0.0117,0.563,1.9600000000000002e-05,0.11900000000000001,-8.663,0.0377,92.11200000000001,4,1
C'mon N' Ride It (The Train),Get On Up And Dance,Quad City DJ's,1998,451440,0.843,0.0913,0.9590000000000001,0.0,0.408,-4.933,0.0914,135.988,4,1
Follow You Down,Follow You Down,Gin Blossoms,1998,227226,0.494,0.012,0.9129999999999999,0.0,0.0702,-6.22,0.0477,155.88,4,1
Til I Hear It From You,Follow You Down,Gin Blossoms,1998,228902,0.5760000000000001,0.11800000000000001,0.7440000000000001,0.0,0.304,-7.95,0.03,124.42,4,1
Sittin' Up In My Room - from Waiting to Exhale - Original Soundtrack,Waiting To Exhale,Various Artists,1998,292066,0.7959999999999999,0.245,0.515,0.00196,0.0515,-8.083,0.0276,93.27799999999999,4,1
How Do You Want It,All Eyez On Me,2Pac,1998,287546,0.763,0.0346,0.84,0.0,0.0601,-3.7039999999999997,0.0929,92.477,4,1
Change the World,Clapton Chronicles: The Best of Eric Clapton,Eric Clapton,1998,234866,0.721,0.49200000000000005,0.5579999999999999,0.00563,0.113,-8.8,0.0246,96.887,4,1
Loungin,Mr. Smith,LL Cool J,1998,252000,0.754,0.163,0.745,0.0006490000000000001,0.0391,-8.957,0.0621,91.105,4,1
Be My Lover,Sweet Dreams,La Bouche,1998,240266,0.669,0.0012900000000000001,0.941,4.2999999999999995e-06,0.8859999999999999,-5.765,0.0313,134.809,4,1
Where Do You Go,My Promise,No Mercy,1998,272093,0.7340000000000001,0.0346,0.828,0.11800000000000001,0.071,-11.017999999999999,0.0318,127.06,4,1
Gangsta's Paradise (feat. L.V.),Gangsta's Paradise (US Release),Coolio,1999,241933,0.6409999999999999,0.0372,0.63,0.0,0.4,-6.393,0.0521,79.955,4,1
Waterfalls,Crazysexycool,TLC,1999,279506,0.77,0.311,0.505,7.4e-05,0.0777,-7.345,0.0828,171.798,4,1
Creep,Crazysexycool,TLC,1999,268533,0.8109999999999999,0.0193,0.45799999999999996,1.41e-06,0.0526,-9.687999999999999,0.0402,92.94,4,1
Another Night,Another Night,Real McCoy,1999,236933,0.813,0.0908,0.882,0.00457,0.147,-7.575,0.0402,125.98299999999999,4,1
Fantasy,Daydream,Mariah Carey,1999,243493,0.669,0.139,0.727,0.0,0.12300000000000001,-7.587999999999999,0.0353,102.322,4,1
Don't Take It Personal (Just One of Dem Days),Miss Thang,Monica,1999,258466,0.731,0.00864,0.355,5.14e-05,0.0579,-12.741,0.0603,175.72,4,1
This Is How We Do It,This Is How We Do It,Montell Jordan,1999,277293,0.775,0.042,0.606,0.0,0.523,-9.86,0.12,103.648,4,1
I Know,Wild Seed - Wild Flower,Dionne Farris,1999,227826,0.589,0.0502,0.9620000000000001,0.00225,0.242,-6.815,0.18100000000000002,103.396,4,1
Freak Like Me,Do You Wanna Ride?,Adina Howard,1999,253613,0.655,0.0262,0.8370000000000001,5.85e-06,0.0454,-6.04,0.0723,91.014,4,1
Run-Around,Four,Blues Traveler,1999,279800,0.629,0.0865,0.867,0.0,0.126,-7.307,0.0603,151.695,4,1
I Can Love You Like That,And The Music Speaks,All-4-One,1999,257959,0.635,0.0811,0.7120000000000001,0.0,0.322,-4.998,0.0283,91.024,4,1
Boombastic,Boombastic,Shaggy,1999,249933,0.867,0.242,0.5379999999999999,1.75e-05,0.316,-16.183,0.361,158.328,4,1
Total Eclipse of the Heart,Secrets,Nicki French,1999,235159,0.603,0.0068200000000000005,0.789,0.0,0.11,-8.939,0.0285,136.049,4,1
You Gotta Be,I Ain't Movin',Des'ree,1999,245200,0.627,0.21100000000000002,0.669,2.72e-06,0.111,-9.985,0.0412,94.029,4,1
Smooth (feat. Rob Thomas),Supernatural (Remastered),Santana,2000,294986,0.609,0.16,0.9229999999999999,4.73e-06,0.295,-3.908,0.0338,115.99600000000001,4,1
I Wanna Know,My Name Is Joe,Joe,2000,296693,0.725,0.26,0.48700000000000004,1.09e-05,0.431,-5.959,0.0368,136.086,4,1
Everything You Want,Everything You Want,Vertical Horizon,2000,257066,0.637,0.0504,0.759,0.0,0.0642,-6.388999999999999,0.0305,93.898,4,1
Say My Name,The Writing's On The Wall,Destiny's Child,2000,271333,0.713,0.273,0.6779999999999999,0.0,0.149,-3.525,0.102,138.009,4,1
Maria Maria (feat. The Product G&B),Supernatural (Remastered),Santana,2000,261973,0.777,0.0406,0.601,0.00201,0.0348,-5.931,0.126,97.911,4,1
Try Again,IT - The Complete Fantasy Playlist,Various Artists,2000,284000,0.7979999999999999,0.0876,0.629,0.0,0.0914,-5.8,0.272,93.023,4,1
Bent,Mad Season,Matchbox Twenty,2000,256133,0.518,0.0404,0.83,3.85e-06,0.375,-6.814,0.0386,95.46799999999999,4,1
He Wasn't Man Enough,The Heat,Toni Braxton,2000,261933,0.7390000000000001,0.009470000000000001,0.9470000000000001,2.99e-05,0.326,-1.915,0.0412,88.009,4,1
Higher,Human Clay,Creed,2000,316733,0.45899999999999996,5.15e-05,0.83,0.00014,0.20600000000000002,-6.254,0.0364,155.827,4,1
"Jumpin', Jumpin'",The Writing's On The Wall,Destiny's Child,2000,230200,0.7709999999999999,0.00543,0.685,0.00157,0.0537,-4.638999999999999,0.0567,88.99700000000001,4,1
Thong Song,Unleash The Dragon,Sisqo,2000,253733,0.706,0.11900000000000001,0.888,9.640000000000001e-05,0.07,-6.959,0.0654,121.54899999999999,4,1
Kryptonite,The Better Life,3 Doors Down,2000,233933,0.545,0.006640000000000001,0.865,1.1e-05,0.168,-5.707999999999999,0.0286,99.009,4,1
There You Go,Can't Take Me Home,P!nk,2000,202706,0.8290000000000001,0.085,0.86,0.0,0.0412,-6.381,0.0845,107.91,4,1
Music,Music,Madonna,2000,225973,0.736,0.00149,0.802,0.0876,0.14,-8.527000000000001,0.0663,119.854,4,1
Doesn't Really Matter,All For You,Janet Jackson,2000,265026,0.7709999999999999,0.0993,0.7959999999999999,0.00278,0.0981,-3.0810000000000004,0.076,99.316,4,1
What a Girl Wants,Christina Aguilera,Christina Aguilera,2000,215866,0.755,0.0671,0.8270000000000001,0.0,0.32899999999999996,-6.803,0.114,142.122,4,1
Hanging By A Moment,No Name Face,Lifehouse,2001,216066,0.541,0.00118,0.8640000000000001,0.0,0.0896,-4.915,0.0357,124.557,4,1
I'm Real (feat. Ja Rule) - Murder Remix,J.Lo,Jennifer Lopez,2001,262133,0.708,0.273,0.5870000000000001,0.0,0.0718,-7.93,0.151,83.46,4,1
Let Me Blow Ya Mind,Scorpion,Eve,2001,230133,0.9079999999999999,0.242,0.557,0.0,0.0709,-4.243,0.107,90.03200000000001,4,1
Thank You,No Angel,Dido,2001,217826,0.722,0.284,0.595,0.000538,0.0694,-9.927999999999999,0.0415,79.98,4,1
Again,Greatest Hits,Lenny Kravitz,2001,228933,0.5539999999999999,0.0186,0.82,4.91e-05,0.161,-5.035,0.0296,79.14699999999999,4,1
"Independent Women, Pt. 1",Survivor,Destiny's Child,2001,221133,0.73,0.36200000000000004,0.602,3.69e-06,0.16899999999999998,-3.782,0.20600000000000002,97.954,4,1
Hit 'Em Up Style (Oops!),So Blu,Blu Cantrell,2001,250706,0.667,0.201,0.773,0.0,0.40399999999999997,-4.9830000000000005,0.0586,89.976,4,1
It Wasn't Me,Hot Shot,Shaggy,2001,227600,0.8490000000000001,0.0566,0.613,0.0,0.335,-4.796,0.0715,94.75,4,1
Stutter (feat. Mystikal) - Double Take Remix,My Name Is Joe,Joe,2001,213026,0.767,0.0513,0.759,0.0,0.31,-6.516,0.11699999999999999,89.98899999999999,4,1
It's Been Awhile,Break the Cycle,Staind,2001,264706,0.509,0.0018899999999999998,0.774,0.000549,0.14300000000000002,-4.053999999999999,0.0338,116.529,4,1
U Remind Me,8701,Usher,2001,266893,0.657,0.19399999999999998,0.629,0.0,0.254,-4.938,0.0782,93.985,4,1
Where the Party At (feat. Nelly),Jagged Little Thrill,Jagged Edge,2001,232573,0.596,0.31,0.6609999999999999,0.0,0.0847,-6.239,0.226,129.491,5,1
Angel,Hot Shot,Shaggy,2001,235133,0.733,0.146,0.759,0.0,0.04,-2.9939999999999998,0.171,170.57299999999998,4,1
Ride Wit Me,Country Grammar,Nelly,2001,291781,0.8540000000000001,0.0668,0.6920000000000001,0.0,0.247,-6.625,0.0479,101.865,4,1
Follow Me,Double Wide,Uncle Kracker,2001,218439,0.8170000000000001,0.439,0.585,0.0,0.147,-4.688,0.0301,105.014,4,1
Peaches & Cream,Part III,112,2001,193093,0.677,0.00277,0.52,0.0,0.0532,-6.255,0.33399999999999996,203.862,4,1
How You Remind Me,Silver Side Up,Nickelback,2001,223840,0.446,0.00135,0.764,0.0,0.099,-5.042,0.033,172.09400000000002,4,1
Foolish,Ashanti,Ashanti,2002,227386,0.665,0.34700000000000003,0.695,0.0,0.106,-5.763,0.0532,90.119,4,1
Hot In Herre,Nellyville,Nelly,2002,228240,0.956,0.20600000000000002,0.745,0.0,0.0615,-4.753,0.12,107.075,4,1
Dilemma,Nellyville,Nelly,2002,289160,0.727,0.22699999999999998,0.552,0.000164,0.198,-8.074,0.14,168.18900000000002,4,1
Wherever You Will Go,Camino Palmero,The Calling,2002,208600,0.5579999999999999,0.0367,0.7190000000000001,0.0,0.115,-5.113,0.0267,112.027,4,1
A Thousand Miles,Be Not Nobody,Vanessa Carlton,2002,237493,0.56,0.32299999999999995,0.825,0.0,0.161,-3.862,0.0379,94.931,4,1
In the End,Hybrid Theory (Bonus Edition),Linkin Park,2002,216880,0.556,0.00958,0.8640000000000001,0.0,0.209,-5.87,0.0584,105.14299999999999,4,1
What's Luv? (feat. Ja-Rule & Ashanti),Jealous Ones Still Envy (J.O.S.E),Fat Joe,2002,267093,0.835,0.0219,0.7070000000000001,2.1899999999999997e-05,0.10800000000000001,-5.074,0.0598,93.955,4,1
U Got It Bad,8701,Usher,2002,247840,0.816,0.0227,0.5,1.53e-06,0.0733,-4.551,0.03,124.037,4,1
Blurry,Come Clean,Puddle Of Mudd,2002,304000,0.431,0.00916,0.94,0.0,0.142,-4.462,0.0563,157.477,4,1
Complicated,Let Go,Avril Lavigne,2002,244506,0.585,0.0572,0.7759999999999999,7.74e-06,0.3,-5.898,0.0459,77.987,4,1
Always On Time,Pain Is Love,Ja Rule,2002,245133,0.8390000000000001,0.20800000000000002,0.706,0.0,0.242,-6.104,0.19899999999999998,96.67299999999999,4,1
Ain't It Funny,Exodus,Ja Rule,2002,236653,0.809,0.379,0.653,0.0,0.051,-5.523,0.142,89.432,4,1
The Middle,Bleed American (Deluxe Edition),Jimmy Eat World,2002,168253,0.629,0.0424,0.897,0.0,0.263,-3.4010000000000002,0.0483,161.944,4,1
I Need a Girl (Pt. 1) [feat. Usher & Loon],R&B Hits,Various Artists,2002,268800,0.66,0.397,0.7070000000000001,0.0,0.21100000000000002,-5.757999999999999,0.20800000000000002,89.279,4,1
U Don't Have to Call,8701,Usher,2002,269400,0.7929999999999999,0.0478,0.568,3.570000000000001e-05,0.0304,-4.958,0.0459,100.005,4,1
Family Affair,No More Drama,Mary J. Blige,2002,265866,0.9109999999999999,0.132,0.551,4.1200000000000005e-05,0.0863,-3.75,0.0449,92.887,4,1
"I Need a Girl (Pt. 2) [feat. Loon, Ginuwine & Mario Winans]",Bad Boy's 10th Anniversary- The Hits,Various Artists,2002,285586,0.713,0.42100000000000004,0.47100000000000003,0.0,0.0308,-7.392,0.483,199.765,4,1
Gangsta Lovin',Eve-Olution,Eve,2002,239266,0.723,0.0619,0.84,0.0,0.0945,-3.523,0.0608,94.33200000000001,4,1
In Da Club,Get Rich Or Die Tryin',50 Cent,2002,193466,0.902,0.26,0.72,0.0,0.0749,-2.7760000000000002,0.34700000000000003,90.059,4,1
Ignition - Remix,Chocolate Factory,R. Kelly,2003,186066,0.795,0.061,0.523,0.0,0.0914,-7.165,0.0423,133.024,4,1
Get Busy,Dutty Rock,Sean Paul,2003,211666,0.735,0.615,0.8240000000000001,0.0,0.158,-4.143,0.036000000000000004,100.20200000000001,4,1
Crazy In Love (feat. Jay-Z),Dangerously In Love,Beyoncé,2003,236133,0.6459999999999999,0.00249,0.77,0.0,0.0715,-6.596,0.226,99.165,4,1
When I'm Gone,Away From The Sun,3 Doors Down,2003,260333,0.53,0.00385,0.768,0.0,0.10300000000000001,-5.611000000000001,0.0284,148.095,4,1
Right Thurr,Jackpot,Chingy,2003,250746,0.866,0.15,0.7490000000000001,0.0,0.0614,-3.977,0.253,92.074,4,1
Picture (feat. Sheryl Crow),Cocky,Kid Rock,2003,298960,0.6920000000000001,0.172,0.496,6.42e-06,0.107,-7.332000000000001,0.0241,97.945,4,1
Bring Me To Life,Fallen,Evanescence,2003,235893,0.331,0.007209999999999999,0.943,2.06e-06,0.242,-3.188,0.0698,94.61200000000001,4,1
Get Low,Kings Of Crunk - Clean,Lil Jon & The East Side Boyz,2003,324600,0.78,0.022000000000000002,0.604,0.0,0.19399999999999998,-8.019,0.0396,101.04299999999999,4,1
Baby Boy (feat. Sean Paul),Dangerously In Love,Beyoncé,2003,244826,0.655,0.0825,0.488,1.16e-06,0.221,-9.17,0.22,91.025,4,1
Shake Ya Tailfeather - Radio Edit,Murphy's Law,Murphy Lee,2003,295173,0.715,0.134,0.733,0.0,0.157,-7.068,0.262,87.665,4,1
21 Questions,Get Rich Or Die Tryin',50 Cent,2003,224426,0.5760000000000001,0.353,0.807,0.000363,0.0512,-3.908,0.317,90.012,4,1
All I Have (feat. LL Cool J),This Is Me...Then,Jennifer Lopez,2003,254466,0.6990000000000001,0.265,0.6679999999999999,0.0,0.141,-5.305,0.106,83.074,4,1
I Know What You Want (feat. Flipmode Squad),It Ain't Safe No More. . .,Busta Rhymes,2003,324306,0.648,0.0142,0.759,0.0,0.648,-4.315,0.306,85.99600000000001,4,1
Drift Away,No Stranger to Shame,Uncle Kracker,2003,255560,0.583,0.18100000000000002,0.66,0.0,0.0979,-5.078,0.0377,151.95600000000002,4,1
Magic Stick,La Bella Mafia,Lil' Kim,2003,359973,0.8490000000000001,0.11699999999999999,0.499,4.970000000000001e-05,0.268,-7.872000000000001,0.271,92.98200000000001,4,1
Yeah! (feat. Lil Jon & Ludacris),Confessions (Expanded Edition),Usher,2004,250373,0.894,0.0183,0.7909999999999999,0.0,0.0388,-4.699,0.11199999999999999,105.01799999999999,4,1
Burn,Confessions (Expanded Edition),Usher,2004,231933,0.7959999999999999,0.314,0.47700000000000004,0.0,0.12,-7.1610000000000005,0.10800000000000001,119.928,4,1
This Love,Songs About Jane,Maroon 5,2004,206200,0.7120000000000001,0.0525,0.862,0.0,0.09300000000000001,-4.612,0.0378,95.051,4,1
The Way You Move - Radio Mix,Speakerboxxx/The Love Below,OutKast,2004,233960,0.867,0.11699999999999999,0.596,0.000125,0.061,-4.851,0.0463,125.984,4,1
I Don't Wanna Know (feat. Enya And P. Diddy),Hurt No More,Mario Winans,2004,257360,0.84,0.332,0.493,0.00105,0.121,-5.9,0.0475,96.99799999999999,4,1
Hey Ya! - Radio Mix,Speakerboxxx/The Love Below,OutKast,2004,235213,0.727,0.10300000000000001,0.9740000000000001,0.000532,0.174,-2.261,0.0664,79.52600000000001,4,1
Goodies (feat. Petey Pablo),Goodies,Ciara,2004,223000,0.826,0.0277,0.647,1.52e-06,0.298,-6.306,0.0491,102.01700000000001,4,1
Lean Back,True Story,Terror Squad,2004,247426,0.7829999999999999,0.11,0.9159999999999999,0.0,0.0746,-3.344,0.415,95.321,4,1
Tipsy - Club Mix,Hood Hop,J-Kwon,2004,243226,0.925,0.0644,0.7440000000000001,0.0,0.0888,-5.79,0.36700000000000005,93.02,4,1
Confessions Part II,Confessions (Expanded Edition),Usher,2004,211200,0.845,0.0586,0.467,0.0,0.0694,-7.6739999999999995,0.138,138.007,4,1
Slow Motion,Juve The Great,JUVENILE,2004,248200,0.713,0.5479999999999999,0.7340000000000001,0.0,0.0687,-4.894,0.325,172.872,4,1
Freek-A-Leek,Still Writing In My Diary: 2nd Entry,Petey Pablo,2004,235186,0.7559999999999999,0.0744,0.691,0.0,0.364,-3.718,0.17800000000000002,104.999,4,1
Here Without You,Away From The Sun,3 Doors Down,2004,238733,0.557,0.0492,0.5329999999999999,0.0,0.205,-6.817,0.0252,143.994,4,1
Slow Jamz,The College Dropout,Kanye West,2004,316053,0.569,0.369,0.7440000000000001,0.0,0.256,-5.757000000000001,0.18100000000000002,145.063,4,1
Someday,The Long Road,Nickelback,2004,207466,0.455,0.000616,0.858,0.00024700000000000004,0.226,-5.659,0.0391,163.118,4,1
Sunshine (feat. Lea),U Gotta Feel Me,Lil' Flip,2004,225173,0.8140000000000001,0.0248,0.387,0.0,0.131,-9.867,0.0945,93.961,4,1
Hollaback Girl,Love Angel Music Baby,Gwen Stefani,2005,199906,0.9179999999999999,0.344,0.9179999999999999,5.35e-06,0.0243,-2.218,0.0954,110.024,4,1
Let Me Love You,Turning Point,Mario,2005,249093,0.622,0.163,0.593,0.0,0.0979,-8.352,0.0916,94.36399999999999,4,1
Since U Been Gone,Breakaway,Kelly Clarkson,2005,188960,0.662,0.00165,0.741,0.0303,0.114,-5.406000000000001,0.0334,131.0,4,1
"One, Two Step (feat. Missy Elliott)",Goodies,Ciara,2005,203786,0.9440000000000001,0.042,0.511,0.00107,0.0379,-10.96,0.161,113.046,4,1
Gold Digger,Late Registration,Kanye West,2005,207626,0.629,0.0195,0.696,0.0,0.0554,-5.572,0.348,93.03399999999999,4,1
Candy Shop,The Massacre,50 Cent,2005,208533,0.609,0.0305,0.588,0.00014199999999999998,0.369,-7.992000000000001,0.48100000000000004,128.763,5,1
Don't Cha,PCD,The Pussycat Dolls,2005,272080,0.877,0.0051600000000000005,0.637,2.5e-06,0.0959,-3.4930000000000003,0.10099999999999999,119.988,4,1
Behind These Hazel Eyes,Breakaway,Kelly Clarkson,2005,198973,0.5479999999999999,0.00165,0.889,0.00109,0.19699999999999998,-4.6819999999999995,0.0382,90.04799999999999,4,1
Disco Inferno,The Massacre,50 Cent,2005,214226,0.9209999999999999,0.26,0.659,6.82e-05,0.21600000000000003,-4.852,0.25,97.055,4,1
Don't Phunk With My Heart,Monkey Business,Black Eyed Peas,2005,239773,0.6890000000000001,0.00933,0.929,0.0,0.5479999999999999,-2.76,0.0608,130.899,4,1
Lose Control (feat. Ciara & Fat Man Scoop),The Cookbook,Missy Elliott,2005,226863,0.904,0.0311,0.813,0.0069700000000000005,0.0471,-7.105,0.121,125.461,4,1
Shake It Off,The Emancipation of Mimi,Mariah Carey,2005,232840,0.777,0.18100000000000002,0.493,0.0,0.10800000000000001,-6.516,0.126,134.086,4,1
Mr. Brightside,Hot Fuss,The Killers,2005,222586,0.35600000000000004,0.00101,0.924,0.0,0.0953,-3.74,0.0808,148.017,4,1
Just A Lil Bit,The Massacre,50 Cent,2005,237706,0.7240000000000001,0.0397,0.6920000000000001,0.00477,0.314,-6.75,0.324,96.93700000000001,4,1
Pon de Replay,Music Of The Sun,Rihanna,2005,246960,0.779,0.000155,0.64,0.0007700000000000001,0.10099999999999999,-8.415,0.159,99.01899999999999,4,1
How We Do,The Documentary,The Game,2005,235533,0.862,0.0455,0.648,0.0,0.0332,-7.401,0.251,98.012,4,1
Beverly Hills,Make Believe,Weezer,2005,196093,0.693,0.0932,0.823,0.0,0.32799999999999996,-3.761,0.0726,87.904,4,1
We Belong Together,The Emancipation of Mimi,Mariah Carey,2005,201400,0.8370000000000001,0.0339,0.462,0.0,0.09,-7.89,0.0601,139.986,4,1
Bad Day,Daniel Powter,Daniel Powter,2006,233640,0.599,0.44799999999999995,0.785,0.00336,0.151,-4.013,0.0309,140.046,4,1
Temperature,The Trinity,Sean Paul,2006,218573,0.951,0.106,0.6,0.0,0.0712,-4.675,0.0685,125.04,4,1
Promiscuous,Loose,Nelly Furtado,2006,242200,0.795,0.046,0.978,8.290000000000001e-05,0.14300000000000002,-6.097,0.0459,114.321,4,1
Hips Don't Lie (feat. Wyclef Jean),"Oral Fixation, Vol. 2 (Expanded Edition)",Shakira,2006,218093,0.778,0.284,0.8240000000000001,0.0,0.405,-5.892,0.0712,100.024,4,1
Unwritten,Unwritten,Natasha Bedingfield,2006,259333,0.706,0.00577,0.8009999999999999,0.0,0.0822,-6.332999999999999,0.0399,100.01299999999999,4,1
Crazy,St. Elsewhere,Gnarls Barkley,2006,182066,0.835,0.0172,0.741,0.0577,0.0826,-1.609,0.0339,111.963,4,1
Ridin',The Sound of Revenge,Chamillionaire,2006,303053,0.787,0.18899999999999997,0.799,0.0,0.3,-4.68,0.0993,143.05200000000002,4,1
SexyBack (feat. Timbaland),FutureSex/LoveSounds,Justin Timberlake,2006,242733,0.9670000000000001,0.0584,0.583,0.0,0.0519,-5.562,0.0789,117.0,4,1
Check On It (feat. Bun B & Slim Thug),B'Day,Beyoncé,2006,210453,0.705,0.0708,0.7959999999999999,0.0,0.38799999999999996,-6.845,0.267,166.042,4,1
Be Without You - Kendu Mix,The Breakthrough,Mary J. Blige,2006,246333,0.7240000000000001,0.067,0.705,0.0,0.262,-5.859,0.11199999999999999,146.589,4,1
Grillz,Sweatsuit,Nelly,2006,271160,0.863,0.0419,0.514,0.0,0.301,-7.242999999999999,0.249,82.985,4,1
Over My Head (Cable Car),How To Save A Life,The Fray,2006,236266,0.5920000000000001,0.022000000000000002,0.7290000000000001,0.0,0.0653,-4.156000000000001,0.0448,116.03,4,1
Me & U,Cassie (U.S. Version),Cassie,2006,192213,0.8029999999999999,0.35200000000000004,0.45399999999999996,0.0,0.0655,-4.802,0.0294,99.99,4,1
Buttons,PCD,The Pussycat Dolls,2006,225560,0.57,0.17800000000000002,0.821,0.0,0.289,-4.38,0.267,210.857,4,1
Run It!,Chris Brown,Chris Brown,2006,229866,0.85,0.0246,0.48200000000000004,0.0,0.387,-6.684,0.102,100.95700000000001,4,1
It's Goin' Down (feat. Nitti),New Joc City (Explicit Content U.S. Version),Yung Joc,2006,241840,0.888,0.0986,0.5770000000000001,0.0,0.131,-7.702000000000001,0.0612,84.00299999999999,4,1
SOS,A Girl Like Me,Rihanna,2006,238920,0.677,0.004,0.6709999999999999,5.07e-05,0.413,-4.905,0.0361,137.046,4,1
I Write Sins Not Tragedies,A Fever You Can't Sweat Out,Panic! At The Disco,2006,186634,0.569,0.0807,0.83,0.0,0.114,-4.106,0.14,170.09400000000002,4,1
Irreplaceable,B'Day Deluxe Edition,Beyoncé,2007,227853,0.447,0.0293,0.6940000000000001,5.46e-06,0.16699999999999998,-4.637,0.382,175.868,4,1
Umbrella,Good Girl Gone Bad: Reloaded,Rihanna,2007,275986,0.583,0.00864,0.8290000000000001,0.0,0.0426,-4.603,0.134,174.028,4,1
The Sweet Escape,The Sweet Escape,Gwen Stefani,2007,246466,0.7559999999999999,0.191,0.77,0.0,0.17800000000000002,-3.502,0.0343,119.961,4,1
Big Girls Don't Cry (Personal),The Dutchess,Fergie,2007,268120,0.708,0.205,0.6409999999999999,0.0,0.0945,-4.296,0.0335,113.08200000000001,4,1
Buy U a Drank (Shawty Snappin'),Epiphany,T-Pain,2007,227960,0.451,0.0108,0.55,0.0,0.0737,-8.137,0.262,80.001,4,1
Before He Cheats,Some Hearts,Carrie Underwood,2007,199946,0.519,0.271,0.7490000000000001,0.0,0.11900000000000001,-3.318,0.0405,147.905,4,1
I Wanna Love You,Konvicted,Akon,2007,247066,0.866,0.0373,0.45399999999999996,1.49e-06,0.275,-9.383,0.0414,99.985,4,1
Say It Right,Loose,Nelly Furtado,2007,223080,0.871,0.0409,0.8690000000000001,0.0011099999999999999,0.053,-6.308,0.139,116.95,4,1
Glamorous,The Dutchess,Fergie,2007,246573,0.81,0.28800000000000003,0.755,0.0,0.0857,-6.4079999999999995,0.201,130.99,4,1
Don't Matter,Konvicted,Akon,2007,293053,0.7979999999999999,0.244,0.44299999999999995,0.0,0.326,-6.062,0.0403,125.23200000000001,4,1
Girlfriend,The Best Damn Thing,Avril Lavigne,2007,216600,0.56,0.0007379999999999999,0.9590000000000001,0.000206,0.209,-2.4330000000000003,0.102,163.983,4,1
Makes Me Wonder,It Won't Be Soon Before Long.,Maroon 5,2007,211080,0.8029999999999999,0.00485,0.851,0.00035800000000000003,0.0577,-2.4290000000000003,0.0357,113.99600000000001,4,1
Party Like A Rock Star,Party Like A Rockstar,Shop Boyz,2007,253000,0.611,0.00455,0.6890000000000001,0.0,0.514,-4.976,0.040999999999999995,144.99200000000002,4,1
Smack That,Konvicted,Akon,2007,212360,0.9390000000000001,0.321,0.742,0.0,0.107,-5.171,0.0467,118.978,4,1
This Is Why I'm Hot,Music Is My Savior,MiMS,2007,253706,0.621,0.27699999999999997,0.6,0.0,0.495,-6.349,0.5760000000000001,80.021,4,1
It's Not Over,Daughtry,Daughtry,2007,214831,0.423,0.0525,0.912,0.0,0.245,-3.2319999999999998,0.0615,145.942,4,1
The Way I Are,Shock Value,Timbaland,2007,179120,0.731,0.18100000000000002,0.807,0.7509999999999999,0.319,-6.492000000000001,0.1,114.759,4,1
Fergalicious,The Dutchess,Fergie,2007,292373,0.9059999999999999,0.0576,0.584,0.0,0.128,-7.72,0.316,129.055,4,1
Crank That (Soulja Boy),souljaboytellem.com,Soulja Boy,2007,221933,0.736,0.515,0.74,0.0,0.0468,-2.18,0.0786,140.141,4,1
Low (feat. T-Pain),Mail on Sunday,Flo Rida,2008,231400,0.9179999999999999,0.0928,0.609,0.0,0.139,-5.64,0.0791,128.00799999999998,4,1
Bleeding Love,Spirit,Leona Lewis,2008,262466,0.638,0.188,0.6559999999999999,0.0,0.146,-5.886,0.0357,104.036,4,1
No One,As I Am,Alicia Keys,2008,253813,0.649,0.03,0.552,6.47e-06,0.111,-5.419,0.0292,89.969,4,1
Lollipop,Tha Carter III,Lil Wayne,2008,299333,0.8290000000000001,0.055999999999999994,0.428,0.00413,0.13699999999999998,-9.469,0.0831,148.075,4,1
Apologize,Dreaming Out Loud,OneRepublic,2008,208106,0.593,0.363,0.74,2.22e-05,0.102,-6.12,0.0339,118.008,4,1
No Air (feat. Chris Brown),Jordin Sparks,Jordin Sparks,2008,264373,0.466,0.0521,0.759,0.0,0.0587,-4.978,0.19899999999999998,160.033,4,1
Love Song,Little Voice,Sara Bareilles,2008,258826,0.583,0.0208,0.7859999999999999,0.0,0.188,-3.142,0.0301,123.055,4,1
Love in This Club,Here I Stand,Usher,2008,259720,0.573,0.0572,0.7120000000000001,0.0,0.16699999999999998,-5.976,0.0732,140.012,4,1
With You,Exclusive,Chris Brown,2008,252160,0.659,0.14300000000000002,0.696,0.0,0.13,-4.291,0.071,86.001,4,1
Forever,Forever,Chris Brown,2008,278035,0.672,0.0371,0.8190000000000001,0.000184,0.203,-4.457,0.0463,120.01299999999999,4,1
Sexy Can I feat. Yung Berg,All I Feel,Ray J,2008,204040,0.575,0.299,0.684,0.0,0.614,-6.007000000000001,0.325,172.155,4,1
Take A Bow,Good Girl Gone Bad: Reloaded,Rihanna,2008,229413,0.6970000000000001,0.248,0.467,0.0,0.0941,-7.5360000000000005,0.0715,82.08200000000001,4,1
I Kissed A Girl,One Of The Boys,Katy Perry,2008,179640,0.6990000000000001,0.00223,0.76,0.0,0.132,-3.173,0.0677,129.996,4,1
Whatever You Like,Paper Trail,T.I.,2008,249533,0.68,0.0161,0.687,0.0,0.261,-6.162000000000001,0.0709,150.053,4,1
Disturbia,Good Girl Gone Bad: Reloaded,Rihanna,2008,238626,0.7070000000000001,0.0863,0.813,0.0,0.168,-4.515,0.0571,124.921,4,1
Don't Stop The Music,Good Girl Gone Bad: Reloaded,Rihanna,2008,267080,0.835,0.0336,0.669,6.92e-05,0.0535,-5.582000000000001,0.0643,122.66799999999999,4,1
Pocketful of Sunshine,Pocketful Of Sunshine,Natasha Bedingfield,2008,202906,0.721,0.191,0.88,0.0,0.0769,-3.8960000000000004,0.0454,110.021,4,1
Kiss Kiss (feat. T-Pain),Exclusive,Chris Brown,2008,250666,0.738,0.0463,0.6729999999999999,0.0,0.0604,-3.377,0.205,140.06799999999998,4,1
Closer,Year Of The Gentleman (Bonus Track Edition),Ne-Yo,2008,234360,0.711,0.027999999999999997,0.753,2.9600000000000005e-05,0.152,-6.461,0.0766,126.051,4,1
Boom Boom Pow,THE E.N.D. (THE ENERGY NEVER DIES),Black Eyed Peas,2009,251440,0.867,0.13,0.857,0.0017100000000000001,0.13,-5.892,0.0663,130.048,4,1
Poker Face,The Fame,Lady Gaga,2009,237200,0.851,0.12,0.8059999999999999,1.33e-06,0.121,-4.618,0.0786,119.001,4,1
Just Dance,The Fame,Lady Gaga,2009,241933,0.8220000000000001,0.0261,0.737,4.1899999999999995e-05,0.18,-4.542,0.0314,118.994,4,1
I Gotta Feeling,THE E.N.D. (THE ENERGY NEVER DIES),Black Eyed Peas,2009,289133,0.743,0.0873,0.7659999999999999,0.0,0.509,-6.375,0.0265,127.96,4,1
Love Story,Fearless,Taylor Swift,2009,235266,0.618,0.17,0.741,0.0,0.0822,-3.95,0.031,118.984,4,1
Right Round,R.O.O.T.S. (Route of Overcoming the Struggle),Flo Rida,2009,204640,0.72,0.009000000000000001,0.672,0.0,0.23199999999999998,-6.852,0.0551,124.986,4,1
Single Ladies (Put a Ring on It),I AM...SASHA FIERCE,Beyoncé,2009,193213,0.426,0.0383,0.584,0.0,0.188,-5.292999999999999,0.29600000000000004,193.437,4,1
Heartless,808s & Heartbreak,Kanye West,2009,211000,0.787,0.0457,0.635,0.0,0.266,-6.277,0.11699999999999999,87.99,4,1
Gives You Hell,When The World Comes Down,The All-American Rejects,2009,213106,0.718,0.0159,0.691,0.0,0.0627,-6.44,0.0387,100.008,4,1
You Belong With Me,Fearless,Taylor Swift,2009,231133,0.687,0.162,0.7829999999999999,1.3500000000000001e-05,0.114,-4.44,0.0386,129.964,4,1
Dead And Gone - feat. Justin Timberlake,Paper Trail,T.I.,2009,299746,0.713,0.0402,0.746,0.0,0.601,-4.99,0.259,135.02100000000002,4,1
Knock You Down,In A Perfect World...,Keri Hilson,2009,326186,0.588,0.00952,0.877,0.0,0.171,-4.78,0.16,155.165,4,1
Blame It,Intuition,Jamie Foxx,2009,289746,0.6729999999999999,0.0782,0.614,0.0,0.139,-5.426,0.10300000000000001,176.05200000000002,4,1
I Know You Want Me (Calle Ocho),Pitbull Starring In Rebelution,Pitbull,2009,237120,0.82,0.0133,0.731,1.9399999999999997e-05,0.131,-6.02,0.159,127.07600000000001,4,1
Live Your Life - feat. Rihanna,Paper Trail,T.I.,2009,338853,0.375,0.071,0.862,0.0,0.21100000000000002,-3.363,0.255,159.841,4,1
Kiss Me Thru The Phone,iSouljaBoyTellem,Soulja Boy,2009,193386,0.758,0.0185,0.7120000000000001,0.0,0.0677,-3.781,0.11199999999999999,149.998,4,1
Down,All Or Nothing,Jay Sean,2009,212106,0.657,0.0108,0.695,0.0,0.0822,-4.493,0.0321,65.997,4,1
TiK ToK,Animal (Expanded Edition),Kesha,2010,199693,0.755,0.0991,0.8370000000000001,0.0,0.289,-2.718,0.142,120.02799999999999,4,1
Need You Now,Need You Now,Lady A,2010,236440,0.581,0.0298,0.7170000000000001,0.00018600000000000002,0.243,-4.433,0.0318,107.884,4,1
"Hey, Soul Sister","Save Me, San Francisco (Golden Gate Edition)",Train,2010,216773,0.6729999999999999,0.185,0.8859999999999999,0.0,0.0826,-4.44,0.0431,97.012,4,1
California Gurls,Katy Perry - Teenage Dream: The Complete Confection,Katy Perry,2010,234653,0.7909999999999999,0.00446,0.754,0.0,0.163,-3.7289999999999996,0.0569,125.014,4,1
Airplanes (feat. Hayley Williams),B.o.B Presents: The Adventures of Bobby Ray,B.o.B,2010,180480,0.66,0.11,0.867,0.0,0.0368,-4.285,0.11599999999999999,93.03299999999999,4,1
Love The Way You Lie,Recovery,Eminem,2010,263373,0.7490000000000001,0.24100000000000002,0.925,0.0,0.52,-5.034,0.22699999999999998,86.98899999999999,4,1
Bad Romance,The Fame Monster,Lady Gaga,2010,294573,0.6970000000000001,0.00305,0.9209999999999999,3.65e-05,0.0831,-3.75,0.0391,118.99,4,1
Dynamite,Rokstarr,Taio Cruz,2010,203866,0.754,0.0033200000000000005,0.804,0.0,0.0329,-3.177,0.0853,119.96799999999999,4,1
Break Your Heart,Rokstarr,Taio Cruz,2010,186266,0.6659999999999999,0.00155,0.899,0.0,0.0677,-4.676,0.027999999999999997,122.05,4,1
Nothin' on You (feat. Bruno Mars),B.o.B Presents: The Adventures of Bobby Ray,B.o.B,2010,268320,0.688,0.386,0.853,0.0,0.0862,-5.814,0.0493,103.993,4,1
I Like It,Jersey Shore,Various Artists,2010,216133,0.665,0.011000000000000001,0.885,0.0,0.11,-3.862,0.102,129.053,4,1
I Like It,Euphoria (Standard US/Latin version),Enrique Iglesias,2010,231786,0.6459999999999999,0.0209,0.94,0.0,0.0691,-2.8560000000000003,0.0838,129.011,4,1
BedRock,We Are Young Money,Young Money,2010,288133,0.733,0.102,0.664,0.0,0.191,-6.162999999999999,0.295,148.005,4,1
In My Head,Jason Derulo (Deluxe Audio),Jason Derulo,2010,198960,0.762,0.0269,0.7390000000000001,0.0,0.498,-4.178,0.0328,110.00200000000001,4,1
Rude Boy,Rated R,Rihanna,2010,222920,0.563,0.113,0.75,0.0,0.0788,-4.496,0.127,173.90599999999998,4,1
Telephone,The Fame Monster,Lady Gaga,2010,220626,0.8270000000000001,0.00748,0.821,0.0015,0.115,-5.864,0.0419,122.01700000000001,4,1
Teenage Dream,Teenage Dream,Katy Perry,2010,227741,0.7190000000000001,0.0162,0.7979999999999999,2.34e-06,0.134,-4.582,0.0361,120.01100000000001,4,1
Just the Way You Are,Doo-Wops & Hooligans,Bruno Mars,2010,220733,0.637,0.0151,0.843,0.0,0.0876,-5.412999999999999,0.0432,109.012,4,1
Cooler Than Me - Single Mix,31 Minutes to Takeoff,Mike Posner,2010,213293,0.768,0.179,0.82,0.0,0.7040000000000001,-4.63,0.0475,129.969,4,1
Imma Be,THE E.N.D. (THE ENERGY NEVER DIES),Black Eyed Peas,2010,257560,0.597,0.179,0.517,0.0,0.307,-6.962999999999999,0.365,92.035,4,1
Rolling in the Deep,21,Adele,2011,228293,0.7290000000000001,0.131,0.7559999999999999,0.0,0.0527,-5.119,0.0294,104.945,4,1
Party Rock Anthem,Sorry For Party Rocking,LMFAO,2011,262173,0.75,0.0189,0.727,0.0,0.266,-4.21,0.142,129.993,4,1
Firework,Teenage Dream,Katy Perry,2011,227893,0.638,0.141,0.8320000000000001,0.0,0.113,-5.039,0.049,124.071,4,1
E.T.,Katy Perry - Teenage Dream: The Complete Confection,Katy Perry,2011,229573,0.62,0.0181,0.8690000000000001,0.0,0.369,-5.252000000000001,0.175,151.684,4,1
"Give Me Everything (feat. Ne-Yo, Afrojack & Nayer)",Planet Pit (Deluxe Version),Pitbull,2011,252306,0.6709999999999999,0.192,0.9390000000000001,0.0,0.298,-3.2060000000000004,0.161,129.023,4,1
Grenade,Doo-Wops & Hooligans,Bruno Mars,2011,223253,0.706,0.146,0.5579999999999999,0.0,0.11800000000000001,-7.237,0.0593,110.443,4,1
Fuck You,The Lady Killer,CeeLo Green,2011,222933,0.69,0.129,0.8340000000000001,0.0,0.136,-5.79,0.0566,127.43,4,1
Super Bass,Pink Friday,Nicki Minaj,2011,200013,0.721,0.29,0.867,2.87e-06,0.503,-4.302,0.196,127.03299999999999,4,1
Moves Like Jagger - Studio Recording From The Voice Performance,Hands All Over,Maroon 5,2011,201160,0.722,0.0111,0.758,0.0,0.308,-4.477,0.0471,128.047,4,1
Just Can’t Get Enough,The Beginning,Black Eyed Peas,2011,219426,0.659,0.18600000000000003,0.628,0.0,0.105,-8.685,0.179,94.05,4,1
On The Floor - Radio Edit,On The Floor,Jennifer Lopez,2011,230906,0.758,0.0848,0.6859999999999999,0.0012699999999999999,0.142,-6.346,0.0792,130.007,4,1
S&M,Loud,Rihanna,2011,243533,0.7659999999999999,0.0113,0.682,0.00016,0.10400000000000001,-5.02,0.0419,127.96600000000001,4,1
Pumped Up Kicks,Torches,Foster The People,2011,239600,0.733,0.145,0.71,0.115,0.0956,-5.849,0.0292,127.975,4,1
Last Friday Night (T.G.I.F.),Teenage Dream,Katy Perry,2011,230733,0.652,0.00125,0.812,3.01e-05,0.667,-3.7969999999999997,0.0409,126.023,4,1
Just the Way You Are,Doo-Wops & Hooligans,Bruno Mars,2011,220733,0.637,0.0151,0.843,0.0,0.0876,-5.412999999999999,0.0432,109.012,4,1
Tonight (I'm Fuckin' You),Tonight (I'm Fuckin' You),Enrique Iglesias,2011,231653,0.6659999999999999,0.0277,0.877,1.15e-05,0.142,-4.657,0.0446,125.98899999999999,4,1
Raise Your Glass,Raise Your Glass,P!nk,2011,203333,0.7,0.00629,0.695,0.0,0.0319,-4.973,0.0897,122.02799999999999,4,1
Born This Way,Born This Way (Special Edition),Lady Gaga,2011,260253,0.5870000000000001,0.0032700000000000003,0.828,0.0,0.331,-5.1080000000000005,0.161,123.90700000000001,4,1
F**kin' Perfect,Greatest Hits...So Far!!!,P!nk,2011,213586,0.575,0.0383,0.648,0.0,0.364,-4.747,0.0333,92.021,4,1
What's My Name?,Loud,Rihanna,2011,263173,0.69,0.22899999999999998,0.7859999999999999,0.0,0.0797,-2.9589999999999996,0.0692,100.04899999999999,4,1
Somebody That I Used To Know,Making Mirrors,Gotye,2012,244973,0.8640000000000001,0.591,0.495,0.000133,0.0992,-7.0360000000000005,0.037000000000000005,129.062,4,1
Call Me Maybe,Kiss (Deluxe),Carly Rae Jepsen,2012,193400,0.7829999999999999,0.0114,0.58,2.28e-06,0.10800000000000001,-6.547999999999999,0.0408,120.021,4,1
Payphone,Overexposed,Maroon 5,2012,231386,0.7390000000000001,0.0136,0.7559999999999999,0.0,0.37,-4.828,0.0394,110.02799999999999,4,1
Lights - Single Version,Lights,Ellie Goulding,2012,211800,0.6829999999999999,0.0283,0.789,0.0492,0.11199999999999999,-6.132000000000001,0.0353,120.01299999999999,4,1
Glad You Came,The Wanted (Special Edition),The Wanted,2012,198186,0.61,0.055999999999999994,0.841,9.85e-06,0.11800000000000001,-4.579,0.0692,126.889,4,1
Stronger (What Doesn't Kill You),Stronger (Deluxe Version),Kelly Clarkson,2012,221946,0.562,0.046,0.9390000000000001,0.0,0.11199999999999999,-4.282,0.0475,116.044,4,1
We Found Love,Talk That Talk,Rihanna,2012,215226,0.735,0.025,0.7659999999999999,0.0013800000000000002,0.10800000000000001,-4.485,0.0383,127.985,4,1
Starships,Pink Friday ... Roman Reloaded (Deluxe),Nicki Minaj,2012,210626,0.747,0.135,0.716,0.0,0.251,-2.457,0.0751,125.006,4,1
What Makes You Beautiful,Up All Night,One Direction,2012,198053,0.7290000000000001,0.00761,0.7709999999999999,0.0,0.087,-2.451,0.0725,125.01100000000001,4,1
Wild Ones (feat. Sia),Wild Ones,Flo Rida,2012,232946,0.608,0.0991,0.86,0.0,0.262,-5.324,0.0554,127.075,4,1
Set Fire to the Rain,21,Adele,2012,241693,0.61,0.0038200000000000005,0.6829999999999999,1.79e-06,0.125,-3.8789999999999996,0.0253,108.00299999999999,4,1
Sexy And I Know It,Sorry For Party Rocking (Deluxe Version),LMFAO,2012,199480,0.7070000000000001,0.1,0.861,0.0,0.191,-4.225,0.316,130.02100000000002,4,1
Some Nights,Some Nights,fun.,2012,277040,0.672,0.0178,0.738,6.75e-05,0.0927,-7.045,0.0506,107.93799999999999,4,1
Wide Awake,Katy Perry - Teenage Dream: The Complete Confection,Katy Perry,2012,220946,0.514,0.0749,0.6829999999999999,2.64e-06,0.392,-5.099,0.0367,159.814,4,1
Good Feeling,Wild Ones,Flo Rida,2012,248133,0.706,0.0588,0.89,0.00286,0.306,-4.444,0.0688,128.011,4,1
Whistle,Wild Ones,Flo Rida,2012,224653,0.747,0.0208,0.937,0.0,0.29,-5.746,0.0453,103.976,4,1
One More Night,Overexposed (Deluxe),Maroon 5,2012,219466,0.718,0.0444,0.82,0.0,0.0846,-3.4530000000000003,0.0323,92.99799999999999,4,1
Drive By,California 37,Train,2012,195973,0.765,0.00107,0.8370000000000001,1.06e-05,0.0801,-3.113,0.032,122.02799999999999,4,1
The Motto,The Motto (Explicit Version),Drake,2012,181400,0.774,0.000146,0.431,1.99e-05,0.11199999999999999,-8.407,0.34600000000000003,201.843,4,1
Thrift Shop (feat. Wanz),The Heist,Macklemore & Ryan Lewis,2013,235613,0.7809999999999999,0.0619,0.526,0.0,0.0457,-6.985,0.293,94.992,4,1
Blurred Lines,Blurred Lines (Deluxe),Robin Thicke,2013,263826,0.853,0.0033399999999999997,0.599,7.93e-06,0.0759,-4.756,0.0411,119.993,4,1
Radioactive,Night Visions,Imagine Dragons,2013,186813,0.44799999999999995,0.106,0.784,0.00010800000000000001,0.6679999999999999,-3.6860000000000004,0.0627,136.245,4,1
Harlem Shake,Harlem Shake,Baauer,2013,196664,0.452,0.0111,0.794,0.00182,0.41600000000000004,-5.151,0.0483,137.825,4,1
Can't Hold Us - feat. Ray Dalton,The Heist,Macklemore & Ryan Lewis,2013,258342,0.6409999999999999,0.0291,0.922,0.0,0.0862,-4.457,0.0786,146.078,4,1
Mirrors - Radio Edit,Mirrors (Radio Edit),Justin Timberlake,2013,277306,0.578,0.14400000000000002,0.6,0.0,0.426,-5.7,0.0455,76.999,4,1
Just Give Me a Reason (feat. Nate Ruess),The Truth About Love,P!nk,2013,242733,0.778,0.34600000000000003,0.547,0.000302,0.132,-7.273,0.0489,95.00200000000001,4,1
Cruise - Remix,Here's To The Good Times...This Is How We Roll,Florida Georgia Line,2013,208786,0.525,0.0156,0.915,0.0,0.66,-4.351,0.0789,149.042,4,1
Roar,PRISM (Deluxe),Katy Perry,2013,223546,0.5539999999999999,0.00487,0.772,6.6e-06,0.354,-4.821000000000001,0.0418,179.984,4,1
Locked out of Heaven,Unorthodox Jukebox,Bruno Mars,2013,233478,0.726,0.049,0.698,0.0,0.309,-4.165,0.0431,143.994,4,1
Get Lucky (feat. Pharrell Williams & Nile Rodgers) - Radio Edit,Get Lucky (feat. Pharrell Williams & Nile Rodgers) [Radio Edit],Daft Punk,2013,248413,0.794,0.0426,0.8109999999999999,1.07e-06,0.10099999999999999,-8.966000000000001,0.038,116.04700000000001,4,1
Royals,Pure Heroine,Lorde,2013,190185,0.674,0.121,0.428,0.0,0.132,-9.504,0.122,84.87799999999999,4,1
I Knew You Were Trouble.,Red,Taylor Swift,2013,217973,0.622,0.00454,0.469,2.25e-06,0.0398,-6.797999999999999,0.0363,77.01899999999999,4,1
We Can't Stop,Bangerz (Deluxe Version),Miley Cyrus,2013,231240,0.613,0.00882,0.622,0.0,0.37,-5.794,0.0334,80.003,4,1
Wake Me Up,TRUE,Avicii,2013,247426,0.532,0.0038,0.7829999999999999,0.0012,0.161,-5.697,0.0523,124.08,4,1
Suit & Tie,The 20/20 Experience,Justin Timberlake,2013,326280,0.795,0.10300000000000001,0.596,0.0,0.16399999999999998,-3.799,0.21899999999999997,101.985,4,1
"Happy - From ""Despicable Me 2""",G I R L,Pharrell Williams,2014,232720,0.647,0.21899999999999997,0.8220000000000001,0.0,0.0908,-4.662,0.183,160.019,4,1
Dark Horse,PRISM (Deluxe),Katy Perry,2014,215672,0.645,0.00314,0.585,0.0,0.165,-6.122000000000001,0.0513,131.931,4,1
Fancy,The New Classic (Deluxe Version),Iggy Azalea,2014,199938,0.912,0.0904,0.716,0.0,0.0491,-4.141,0.0697,94.98100000000001,4,1
Counting Stars,Native,OneRepublic,2014,257839,0.664,0.0654,0.705,0.0,0.115,-4.9719999999999995,0.0382,122.01700000000001,4,1
Talk Dirty (feat. 2 Chainz),Talk Dirty,Jason Derulo,2014,177685,0.76,0.0348,0.652,0.0,0.307,-7.321000000000001,0.23199999999999998,100.315,4,1
Rude,Don't Kill the Magic,MAGIC!,2014,224840,0.774,0.0423,0.7559999999999999,0.0,0.305,-4.995,0.0389,144.032,4,1
All About That Bass,Title (Deluxe),Meghan Trainor,2014,187920,0.807,0.0573,0.887,2.87e-06,0.124,-3.7260000000000004,0.0503,134.05200000000002,4,1
Problem,My Everything (Deluxe),Ariana Grande,2014,193920,0.66,0.0192,0.805,8.83e-06,0.159,-5.352,0.153,103.008,4,1
Timber (feat. Ke$ha),Global Warming: Meltdown (Deluxe Version),Pitbull,2014,204160,0.581,0.0295,0.963,0.0,0.139,-4.087,0.0981,129.99200000000002,4,1
Pompeii,Bad Blood,Bastille,2014,214147,0.679,0.0755,0.715,0.0,0.271,-6.382999999999999,0.0407,127.435,4,1
Shake It Off,1989,Taylor Swift,2014,219200,0.648,0.0561,0.785,0.0,0.14800000000000002,-5.414,0.165,160.02,4,1
Am I Wrong,Black Star Elephant,Nico & Vinz,2014,245866,0.7290000000000001,0.175,0.675,1.58e-06,0.55,-6.002999999999999,0.0312,119.96799999999999,4,1
Turn Down for What,Turn Down for What,DJ Snake,2014,213733,0.818,0.00107,0.799,0.128,0.057,-4.1,0.156,100.014,4,1
The Monster,The Marshall Mathers LP2,Eminem,2014,250188,0.7809999999999999,0.0525,0.853,0.0,0.12,-3.68,0.0715,110.04899999999999,4,1
Team,Pure Heroine,Lorde,2014,193058,0.69,0.16699999999999998,0.578,0.0,0.305,-7.436,0.0929,99.961,4,1
Royals,Pure Heroine,Lorde,2014,190185,0.674,0.121,0.428,0.0,0.132,-9.504,0.122,84.87799999999999,4,1
Uptown Funk (feat. Bruno Mars),Uptown Special,Mark Ronson,2015,269666,0.856,0.00801,0.609,8.149999999999999e-05,0.0344,-7.223,0.0824,114.988,4,1
Thinking out Loud,x (Deluxe Edition),Ed Sheeran,2015,281560,0.7809999999999999,0.474,0.445,0.0,0.184,-6.061,0.0295,78.998,4,1
Trap Queen,Fetty Wap (Deluxe),Fetty Wap,2015,222093,0.746,0.0244,0.873,0.0,0.354,-3.803,0.128,148.075,4,1
Sugar,V,Maroon 5,2015,235493,0.748,0.0591,0.7879999999999999,0.0,0.0863,-7.055,0.0334,120.07600000000001,4,1
Shut Up and Dance,TALKING IS HARD,WALK THE MOON,2015,199080,0.578,0.00701,0.866,0.0,0.257,-3.804,0.0619,128.03799999999998,4,1
Blank Space,1989,Taylor Swift,2015,231826,0.752,0.085,0.6779999999999999,1.64e-06,0.13,-5.421,0.0646,96.009,4,1
Watch Me (Whip / Nae Nae),Watch Me (Whip / Nae Nae),Silentó,2015,185142,0.821,0.247,0.759,0.0,0.321,-8.541,0.121,140.01,4,1
The Hills,Beauty Behind The Madness,The Weeknd,2015,242253,0.585,0.0671,0.564,0.0,0.135,-7.063,0.0515,113.00299999999999,4,1
Cheerleader - Felix Jaehn Remix Radio Edit,Me 4 U,OMI,2015,180560,0.78,0.141,0.68,1.2e-05,0.138,-6.081,0.0305,118.02600000000001,4,1
Can't Feel My Face,Beauty Behind The Madness,The Weeknd,2015,213520,0.705,0.113,0.769,0.0,0.105,-5.526,0.0425,107.949,4,1
Bad Blood,Bad Blood,Taylor Swift,2015,200106,0.654,0.0294,0.655,0.0,0.139,-7.388,0.106,170.16,4,1
Lean On (feat. MØ & DJ Snake),Peace Is The Mission,Major Lazer,2015,176561,0.723,0.00346,0.809,0.00123,0.565,-3.0810000000000004,0.0625,98.007,4,1
Want to Want Me,Everything Is 4,Jason Derulo,2015,207719,0.775,0.009059999999999999,0.68,0.0,0.109,-5.507999999999999,0.0629,114.025,4,1
Shake It Off,1989,Taylor Swift,2015,219200,0.648,0.0561,0.785,0.0,0.14800000000000002,-5.414,0.165,160.02,4,1
Where Are Ü Now (with Justin Bieber),Skrillex and Diplo present Jack Ü,Jack Ü,2015,250285,0.43200000000000005,0.040999999999999995,0.7809999999999999,4.21e-06,0.0789,-4.038,0.0567,139.43200000000002,4,1
Fight Song,Wildfire,Rachel Platten,2015,204013,0.564,0.0549,0.7140000000000001,0.0,0.155,-4.987,0.129,175.924,4,1
Sorry,Purpose (Deluxe),Justin Bieber,2016,200786,0.654,0.0797,0.76,0.0,0.299,-3.6689999999999996,0.045,99.945,4,1
One Dance,Views,Drake,2016,173986,0.792,0.0077599999999999995,0.625,0.0018800000000000002,0.32899999999999996,-5.609,0.0536,103.96700000000001,4,1
Work,ANTI,Rihanna,2016,219320,0.725,0.0752,0.534,0.0,0.0919,-6.2379999999999995,0.0946,91.97399999999999,4,1
Stressed Out,Blurryface,Twenty One Pilots,2016,202333,0.7340000000000001,0.0462,0.637,2.2899999999999998e-05,0.0602,-5.6770000000000005,0.141,169.977,4,1
Panda,New English,Desiigner,2016,246761,0.5760000000000001,0.027999999999999997,0.7659999999999999,1.68e-06,0.366,-4.9430000000000005,0.449,144.833,4,1
Don't Let Me Down,Collage EP,The Chainsmokers,2016,208666,0.534,0.187,0.868,0.0032,0.14800000000000002,-5.0569999999999995,0.205,159.763,4,1
"CAN'T STOP THE FEELING! (Original Song from DreamWorks Animation's ""TROLLS"")",TROLLS (Original Motion Picture Soundtrack),Trolls,2016,237546,0.669,0.0106,0.8320000000000001,0.0,0.0968,-5.72,0.0682,113.035,4,1
Closer,Collage EP,The Chainsmokers,2016,245506,0.738,0.415,0.541,0.0,0.11,-5.597,0.0303,94.949,4,1
Cheap Thrills,This Is Acting,Sia,2016,211666,0.628,0.0472,0.698,0.00143,0.0907,-5.608,0.105,89.976,4,1
7 Years,Lukas Graham,Lukas Graham,2016,237300,0.765,0.287,0.473,0.0,0.391,-5.829,0.0514,119.992,4,1
Needed Me,ANTI,Rihanna,2016,191600,0.6709999999999999,0.11,0.314,0.0,0.0825,-8.091000000000001,0.244,110.898,4,1
My House,My House,Flo Rida,2016,192190,0.688,0.0215,0.7020000000000001,0.0,0.128,-4.792,0.0499,94.006,4,1
I Took A Pill In Ibiza - Seeb Remix,"At Night, Alone.",Mike Posner,2016,197933,0.664,0.0353,0.7140000000000001,8.42e-06,0.0843,-6.645,0.111,101.969,4,1
Work from Home (feat. Ty Dolla $ign),7/27 (Deluxe),Fifth Harmony,2016,214480,0.8029999999999999,0.10300000000000001,0.585,3.94e-06,0.0644,-5.861000000000001,0.0432,105.01700000000001,4,1
This Is What You Came For (feat. Rihanna),This Is What You Came For (feat. Rihanna),Calvin Harris,2016,222160,0.63,0.19899999999999998,0.9279999999999999,0.124,0.14800000000000002,-2.787,0.0331,123.963,4,1
Cake By The Ocean,DNCE,DNCE,2016,219146,0.774,0.152,0.753,0.0,0.0371,-5.446000000000001,0.0517,119.00200000000001,4,1
"Me, Myself & I",When It's Dark Out,G-Eazy,2016,251466,0.7559999999999999,0.0184,0.674,0.0,0.158,-6.518,0.0959,111.995,4,1
Ride,Blurryface,Twenty One Pilots,2016,214506,0.645,0.00835,0.713,0.0,0.113,-5.355,0.0393,74.98899999999999,4,1
Shape of You,÷ (Deluxe),Ed Sheeran,2017,233712,0.825,0.581,0.652,0.0,0.0931,-3.1830000000000003,0.0802,95.977,4,1
Despacito - Remix,Despacito Feat. Justin Bieber (Remix),Luis Fonsi,2017,228826,0.653,0.228,0.816,0.0,0.0967,-4.353,0.16699999999999998,178.085,4,1
That's What I Like,24K Magic,Bruno Mars,2017,206693,0.853,0.013000000000000001,0.56,0.0,0.0944,-4.961,0.0406,134.066,4,1
HUMBLE.,DAMN.,Kendrick Lamar,2017,177000,0.9079999999999999,0.00028199999999999997,0.621,5.39e-05,0.0958,-6.638,0.102,150.011,4,1
Something Just Like This,Memories...Do Not Open,The Chainsmokers,2017,247160,0.617,0.0498,0.635,1.4400000000000001e-05,0.16399999999999998,-6.769,0.0317,103.01899999999999,4,1
Bad and Boujee (feat. Lil Uzi Vert),Culture,Migos,2017,343150,0.927,0.061,0.665,0.0,0.12300000000000001,-5.313,0.244,127.07600000000001,4,1
Closer,Closer,The Chainsmokers,2017,244960,0.748,0.414,0.524,0.0,0.111,-5.599,0.0338,95.01,4,1
Body Like A Back Road,Body Like A Back Road,Sam Hunt,2017,165386,0.732,0.447,0.45799999999999996,0.0,0.136,-7.225,0.0311,98.93799999999999,4,1
Believer,Evolve,Imagine Dragons,2017,204346,0.772,0.0512,0.78,0.0,0.11900000000000001,-4.288,0.10800000000000001,124.988,4,1
Congratulations,Stoney (Deluxe),Post Malone,2017,220293,0.63,0.215,0.804,0.0,0.253,-4.183,0.0363,123.146,4,1
"I'm the One (feat. Justin Bieber, Quavo, Chance the Rapper & Lil Wayne)",Grateful,DJ Khaled,2017,288876,0.599,0.0533,0.667,0.0,0.134,-4.2669999999999995,0.0367,80.984,4,1
XO Tour Llif3,Luv Is Rage 2,Lil Uzi Vert,2017,182706,0.732,0.00264,0.75,0.0,0.109,-6.3660000000000005,0.231,155.096,4,1
Mask Off,FUTURE,Future,2017,204600,0.833,0.0102,0.434,0.0219,0.165,-8.795,0.431,150.062,4,1
Unforgettable,Jungle Rules,French Montana,2017,233901,0.726,0.0293,0.769,0.0101,0.10400000000000001,-5.043,0.12300000000000001,97.985,4,1
24K Magic,24K Magic,Bruno Mars,2017,225983,0.818,0.034,0.8029999999999999,0.0,0.153,-4.282,0.0797,106.97,4,1
Stay,Stay,Zedd,2017,210090,0.69,0.253,0.622,0.0,0.11599999999999999,-5.025,0.0622,102.04,4,1
Wild Thoughts (feat. Rihanna & Bryson Tiller),Grateful,DJ Khaled,2017,204664,0.613,0.0287,0.6809999999999999,0.0,0.126,-3.089,0.0778,97.62100000000001,4,1
Black Beatles,SremmLife 2 (Deluxe),Rae Sremmurd,2017,291893,0.794,0.142,0.632,0.0,0.128,-6.162999999999999,0.0649,145.92600000000002,4,1
Starboy,Starboy,The Weeknd,2017,230453,0.679,0.141,0.5870000000000001,6.35e-06,0.13699999999999998,-7.015,0.276,186.003,4,1
God's Plan,Scorpion,Drake,2018,198973,0.754,0.0332,0.449,8.290000000000001e-05,0.552,-9.211,0.109,77.169,4,1
Meant to Be (feat. Florida Georgia Line),All Your Fault: Pt. 2,Bebe Rexha,2018,163870,0.643,0.047,0.7829999999999999,0.0,0.083,-6.457999999999999,0.0856,154.084,4,1
Havana (feat. Young Thug),Camila,Camila Cabello,2018,217306,0.765,0.184,0.523,3.5600000000000005e-05,0.132,-4.333,0.03,104.988,4,1
rockstar (feat. 21 Savage),beerbongs & bentleys,Post Malone,2018,218146,0.585,0.124,0.52,7.01e-05,0.131,-6.136,0.0712,159.80100000000002,4,1
Psycho (feat. Ty Dolla $ign),beerbongs & bentleys,Post Malone,2018,221440,0.75,0.546,0.56,0.0,0.111,-8.094,0.105,140.06,4,1
I Like It,Invasion of Privacy,Cardi B,2018,253390,0.816,0.099,0.726,0.0,0.37200000000000005,-3.998,0.129,136.048,4,1
The Middle,The Middle,Zedd,2018,184732,0.753,0.171,0.657,0.0,0.11199999999999999,-3.0610000000000004,0.0449,107.01,4,1
In My Feelings,Scorpion,Drake,2018,217925,0.835,0.0589,0.626,5.9999999999999995e-05,0.396,-5.832999999999999,0.125,91.03,4,1
Girls Like You (feat. Cardi B),Girls Like You (feat. Cardi B),Maroon 5,2018,235545,0.851,0.568,0.541,0.0,0.13,-6.825,0.0505,124.959,4,1
Nice For What,Scorpion,Drake,2018,210746,0.585,0.0891,0.909,9.7e-05,0.11900000000000001,-6.474,0.0707,93.37200000000001,4,1
Better Now,beerbongs & bentleys,Post Malone,2018,231266,0.68,0.331,0.578,0.0,0.135,-5.803999999999999,0.04,145.03799999999998,4,1
Finesse - Remix; feat. Cardi B,Finesse (Remix) [feat. Cardi B],Bruno Mars,2018,217288,0.7040000000000001,0.0185,0.8590000000000001,0.0,0.0215,-4.877,0.0996,105.115,4,1
Boo'd Up,READY,Ella Mai,2018,256063,0.561,0.0862,0.779,0.0,0.078,-5.107,0.0531,81.965,4,1
New Rules,Dua Lipa,Dua Lipa,2018,209320,0.762,0.0026100000000000003,0.7,1.56e-05,0.153,-6.021,0.0694,116.073,4,1
SAD!,?,XXXTENTACION,2018,166605,0.74,0.258,0.613,0.00372,0.12300000000000001,-4.88,0.145,75.023,4,1
Never Be the Same,Camila,Camila Cabello,2018,226973,0.637,0.18100000000000002,0.713,0.000637,0.13699999999999998,-4.333,0.0747,129.923,4,1
Love Lies (with Normani),Love Lies (with Normani),Khalid,2018,201707,0.708,0.0956,0.648,0.0,0.134,-5.626,0.0449,143.955,4,1
no tears left to cry,Sweetener,Ariana Grande,2018,205920,0.6990000000000001,0.04,0.713,3.11e-06,0.294,-5.507000000000001,0.0594,121.993,4,1
Old Town Road - Remix,7 EP,Lil Nas X,2019,157066,0.878,0.0533,0.619,0.0,0.113,-5.56,0.102,136.041,4,1
Sunflower - Spider-Man: Into the Spider-Verse,Spider-Man: Into the Spider-Verse (Soundtrack From & Inspired by the Motion Picture),Various Artists,2019,158040,0.76,0.556,0.479,0.0,0.0703,-5.574,0.0466,89.911,4,1
Without Me,Without Me,Halsey,2019,201660,0.752,0.297,0.488,9.11e-06,0.0936,-7.05,0.0705,136.041,4,1
bad guy,"WHEN WE ALL FALL ASLEEP, WHERE DO WE GO?",Billie Eilish,2019,194087,0.701,0.32799999999999996,0.425,0.13,0.1,-10.965,0.375,135.128,4,1
Wow.,Hollywood's Bleeding,Post Malone,2019,149546,0.8290000000000001,0.136,0.539,1.78e-06,0.10300000000000001,-7.359,0.20800000000000002,99.96,4,1
Happier,Happier,Marshmello,2019,214289,0.687,0.191,0.792,0.0,0.16699999999999998,-2.7489999999999997,0.0452,100.015,4,1
7 rings,"thank u, next",Ariana Grande,2019,178626,0.778,0.5920000000000001,0.317,0.0,0.0881,-10.732000000000001,0.33399999999999996,140.048,4,1
Talk,Talk,Khalid,2019,197487,0.9,0.0501,0.4,0.0,0.0876,-8.443,0.124,136.001,4,1
SICKO MODE,ASTROWORLD,Travis Scott,2019,312820,0.8340000000000001,0.00513,0.73,0.0,0.124,-3.714,0.222,155.00799999999998,4,1
Sucker,Sucker,Jonas Brothers,2019,181040,0.8420000000000001,0.0427,0.7340000000000001,0.0,0.106,-5.065,0.0588,137.958,4,1
High Hopes,Pray for the Wicked,Panic! At The Disco,2019,190946,0.579,0.193,0.904,0.0,0.064,-2.7289999999999996,0.0618,82.014,4,1
"thank u, next","thank u, next",Ariana Grande,2019,207320,0.7170000000000001,0.22899999999999998,0.653,0.0,0.10099999999999999,-5.6339999999999995,0.0658,106.96600000000001,4,1
Truth Hurts,Cuz I Love You (Deluxe),Lizzo,2019,173325,0.715,0.11,0.624,0.0,0.12300000000000001,-3.0460000000000003,0.114,158.08700000000002,4,1
Dancing With A Stranger (with Normani),Dancing With A Stranger (with Normani),Sam Smith,2019,171029,0.741,0.45,0.52,1.97e-06,0.222,-7.513,0.0656,102.99799999999999,4,1
Señorita,Señorita,Shawn Mendes,2019,190960,0.759,0.037000000000000005,0.54,0.0,0.0945,-6.039,0.0287,116.947,4,1
I Don't Care (with Justin Bieber),I Don't Care (with Justin Bieber),Ed Sheeran,2019,219946,0.7979999999999999,0.0912,0.675,0.0,0.0894,-5.041,0.0442,101.956,4,1
Eastside (with Halsey & Khalid),Eastside (with Halsey & Khalid),benny blanco,2019,173799,0.56,0.555,0.68,0.0,0.11599999999999999,-7.648,0.321,89.391,4,1
Going Bad (feat. Drake),Championships,Meek Mill,2019,180522,0.889,0.259,0.496,0.0,0.252,-6.365,0.0905,86.00299999999999,4,1
Better,Suncity,Khalid,2019,229320,0.596,0.0765,0.552,0.33399999999999996,0.10400000000000001,-10.277999999999999,0.09699999999999999,97.949,4,1
